Airport_ICAO_Code,Airport_Name,State,Easting,Northing
KABR,Aberdeen Regional Airport,South-Dakota,3018141.677690142,2891202.7070464175
KGZS,Abernathy Field,Tennessee,4262672.295578956,1408056.2651293213
KABI,Abilene Regional Airport,Texas,2880153.559165143,1046676.2616574299
KSPI,Abraham Lincoln Capital Airport,Illinois,3975647.083939584,2055850.78538498
KARA,Acadiana Regional Airport,Louisiana,3734077.6465146877,742698.9620553656
KMFV,Accomack County Airport,Virginia,5499614.419121987,1747312.390441618
KLIT,Adams Field,Arkansas,3696802.708293959,1351375.200890012
KADS,Addison Airport,Texas,3191751.356670893,1119189.9939174536
KSLK,Adirondack Regional Airport,New-York,5669884.759561467,2726688.473160214
KAFO,Afton Municipal Airport,Wyoming,1647109.6976995722,2473731.9522365974
KAIK,Aiken Municipal Airport,South-Carolina,4850914.699137579,1208396.7232905128
KANW,Ainsworth Municipal Airport,Nebraska,2846086.792066213,2454080.686949129
KILN,Airborne Airpark,Ohio,4620175.345817664,1996668.8724257834
KCAK,Akron Canton Regional Airport,Ohio,4877502.417313603,2209959.0256706793
KAKR,Akron Fulton International Airport,Ohio,4874797.193851187,2227567.373205276
KALM,Alamogordo White Sands Regional Airport,New-Mexico,2189272.237156389,1102403.7337755938
KALB,Albany International Airport,New-York,5714180.078500726,2479262.361302727
KOAJ,Albert J Ellis Airport,North-Carolina,5296919.828355736,1364680.8562480346
KAEL,Albert Lea Municipal Airport,Minnesota,3571648.1095756306,2619486.2034763508
KSPG,Albert Whitted Airport,Florida,4747760.301111586,458389.33652476734
KFEP,Albertus Airport,Illinois,3986148.8314145617,2404689.8914914
KABQ,Albuquerque International Sunport Airport,New-Mexico,2121597.3711738586,1392865.040840954
KISW,Alexander Field South Wood County Airport,Wisconsin,3958006.3198926686,2722858.327285124
KAEX,Alexandria International Airport,Louisiana,3661158.5903907414,906910.9556564172
KAGC,Allegheny County Airport,Pennsylvania,5043074.959264234,2128904.685165871
KAIA,Alliance Municipal Airport,Nebraska,2538266.1148261,2376183.201766243
KAPN,Alpena County Regional Airport,Michigan,4645558.329372968,2833481.251078571
KAOO,Altoona Blair County Airport,Pennsylvania,5219400.723225845,2120573.4301205445
KAND,Anderson Regional Airport,South-Carolina,4738737.319835631,1320133.8333178288
KADW,Andrews Air Force Base,Maryland,5378512.6429631915,1909566.8945018733
KLFK,Angelina County Airport,Texas,3420224.103681736,894943.3416840076
KIKV,Ankeny Regional Airport,Iowa,3549835.052464283,2322976.665209787
KARB,Ann Arbor Municipal Airport,Michigan,4625267.482004848,2401258.446745879
KANB,Anniston Metropolitan Airport,Alabama,4393936.622257888,1200349.00685255
KANE,Anoka County-Blaine Arpt(Janes Field) Airport,Minnesota,3588709.0638144077,2843862.2373555517
KACB,Antrim County Airport,Michigan,4466177.283738466,2819613.344582269
KAAF,Apalachicola Regional Airport,Florida,4484892.450514168,703509.0401945193
KACV,Arcata Airport,California,205249.82108535158,2218947.827200928
KADM,Ardmore Municipal Airport,Oklahoma,3171686.5071807597,1294707.3729479238
KBYH,Arkansas International Airport,Arkansas,3946507.866992875,1517170.5384740168
KGKY,Arlington Municipal Airport,Oregon,3163510.2607298903,1079487.222504628
KLBE,Arnold Palmer Regional Airport,Pennsylvania,5100608.996296147,2117631.119876244
KGEV,Ashe County Airport,North-Carolina,4879966.19247184,1580691.5533705745
KHBI,Asheboro Regional Airport,North-Carolina,5046962.359998456,1475338.0252114693
KAVL,Asheville Regional Airport,North-Carolina,4757089.89667054,1445958.1749133053
KDWU,Ashland Regional Airport,Kentucky,4735605.175685471,1873613.2541845776
KHZY,Ashtabula County Airport,Ohio,4959269.843311806,2335684.887927073
KASE,Aspen-Pitkin Co/Sardy Field,Colorado,2093125.687483477,1967691.7796131903
KAST,Astoria Regional Airport,Oregon,230436.47074958985,3002560.8932163985
KAHN,Athens Ben Epps Airport,Georgia,4671182.760268799,1247824.6211089725
KACY,Atlantic City International Airport,New-Jersey,5629257.950882993,2000880.4741955604
KLEW,Auburn Lewiston Municipal Airport,Maine,6099442.163544862,2675228.5382754356
KAUO,Auburn Opelika Robert G. Pitts Airport,Alabama,4440378.240740101,1073141.5005968185
KAGS,Augusta Regional At Bush Field,Georgia,4820307.576995619,1171688.851439496
KAUG,Augusta State Airport,Maine,6152683.601326607,2716779.8516533244
KARR,Aurora Municipal Airport,Illinois,4107294.887017416,2334789.231580156
KUAO,Aurora State Airport,Oregon,351878.2796535718,2859728.3250321895
KAUS,Austin Bergstrom International Airport,Texas,3100478.8882611585,762536.3588845013
KGRB,Austin Straubel International Airport,Wisconsin,4145194.750236886,2741993.8215644183
KBKE,Baker City Municipal Airport,Oregon,895135.2732953754,2796217.516685837
KMLJ,Baldwin County Airport,Georgia,4680556.635052797,1143440.8128228956
KBWI,Baltimore/Washington International Thurgood Marshal Airport,Maryland,5400271.395657967,1960937.0629764693
KBGR,Bangor International Airport,Maine,6258816.418635822,2791601.4276677817
KDLL,Baraboo Wisconsin Dells Airport,Wisconsin,3965539.6734402063,2595472.686870155
KPAH,Barkley Regional Airport,Kentucky,4074650.910394011,1666570.5351670329
KBAD,Barksdale Air Force Base,Louisiana,3539289.8608209165,1058421.0575169553
KBAF,Barnes Municipal Airport,Massachusetts,5833113.832758607,2391621.940486688
KHYA,Barnstable Municipal Boardman Polando Field,Massachusetts,6099781.360499702,2319736.5759918476
KBVO,Bartlesville Municipal Airport,Oklahoma,3282115.678861493,1625716.49657531
KBOW,Bartow Municipal Airport,Florida,4840138.920193805,480472.67584663955
KBTR,Baton Rouge Metropolitan Ryan Field,Louisiana,3814488.2832590053,805522.1585719516
KBIE,Beatrice Municipal Airport,Nebraska,3200764.312415857,2121277.241966176
KBVI,Beaver County Airport,Pennsylvania,4992570.492472485,2189172.142405431
KBST,Belfast Municipal Airport,Maine,6238689.322147457,2730382.2498978777
KBLI,Bellingham International Airport,Washington,377282.9847236405,3429559.487723872
KBJI,Bemidji Regional Airport,Minnesota,3400107.868361399,3218893.2315916363
KVBT,Bentonville Municipal-Louise M Thaden Field,Arkansas,3478338.7864216384,1568897.642252867
KBML,Berlin Regional Airport,New-Hampshire,6001719.099011313,2755865.0460648537
KUDD,Bermuda Dunes Airport,California,1063116.4499783174,1221427.7620495125
KBTM,Bert Mooney Airport,Montana,1476828.496289172,2970495.595743919
KEKY,Bessemer Airport,Alabama,4277006.303931657,1164217.39619873
KBVY,Beverly Municipal Airport,Massachusetts,6030125.616241049,2454824.453074609
KBIF,Biggs Army Air Field (Fort Bliss),Texas,2146674.5703451103,974028.9096594262
KBIL,Billings Logan International Airport,Montana,1909813.7976910034,2947356.651712127
KBHM,Birmingham-Shuttlesworth International Airport,Alabama,4295885.221532358,1197023.8361093416
KFNT,Bishop International Airport,Michigan,4625486.372850606,2511693.641407892
KBIS,Bismarck Municipal Airport,North-Dakota,2763628.4396176697,3100288.5683561927
KSPF,Black Hills Clyde Ice Field,South-Dakota,2431060.565251836,2741257.2650496336
KBDG,Blanding Municipal Airport,Utah,1806878.291496318,1738520.3783386638
KBID,Block Island State Airport,Rhode-Island,5957709.507787439,2246546.5893974267
KLEX,Blue Grass Airport,Kentucky,4531059.202832295,1801336.6465678085
KMTV,Blue Ridge Airport,Virginia,5033427.052978587,1607715.9765738957
KBLH,Blythe Airport,California,1233725.9876464026,1204425.0729015577
KHKA,Blytheville Municipal Airport,Arkansas,3958903.6052503884,1513937.5991631113
KBUR,Bob Hope Airport,California,834906.8732572895,1281153.0181409484
KCEW,Bob Sikes Airport,Florida,4321224.760393644,836786.0481857448
KBCT,Boca Raton Airport,Florida,5023637.953753429,287859.42694430146
KBFI,Boeing Field King County International Airport,Washington,403126.3069470533,3222233.4111917717
KASH,Boire Field,New-Hampshire,5964607.911155662,2484244.552143841
KBOI,Boise Air Terminal/Gowen field,Idaho,1068810.950738223,2601772.208354586
KTZR,Bolton Field,Ohio,4691923.085290305,2063997.791070086
KHRO,Boone County Airport,Arkansas,3594918.211338382,1557456.7018522443
KELN,Bowers Field,Washington,597061.0900013815,3142008.101785075
KBWG,Bowling Green Warren County Regional Airport,Kentucky,4332438.3210179815,1653364.3239720669
KPOC,Brackett Field,Minnesota,898091.9705929577,1266717.3290083697
KBFD,Bradford Regional Airport,Pennsylvania,5184348.111344502,2339371.4751148624
KBDL,Bradley International Airport,Connecticut,5836662.036603692,2359341.6783790477
KBRD,Brainerd Lakes Regional Airport,Minnesota,3487230.6007270985,3040633.466608024
KBBG,Branson Airport,Missouri,3589898.172800019,1594267.6799013186
KLBX,Brazoria County Airport,Texas,3342245.494349064,625703.1010299949
KPWT,Bremerton National Airport,Washington,352425.5067679652,3215781.241909339
KBBW,Broken Bow Municipal Airport,Nebraska,2884501.299399717,2285670.819442748
KSDM,Brown Field Municipal Airport,California,985914.8195986161,1067578.4466673569
KBRO,Brownsville South Padre Island International Airport,Texas,3127197.773845702,230318.95956230117
KBWD,Brownwood Regional Airport,Texas,2959589.2128754556,966824.6429784289
KSUT,Brunswick County Airport,North-Carolina,5246229.888972358,1245276.8473622198
KBQK,Brunswick Golden Isles Airport,Georgia,4874841.473295247,898120.0107443566
KCCR,Buchanan Field,California,429955.47336154984,1794832.1221289635
KBKF,Buckley Air Force Base,Colorado,2324949.4699720633,2035561.723311848
KBUF,Buffalo Niagara International Airport,New-York,5174262.423663005,2507967.8654409926
KBKL,Burke Lakefront Airport,Ohio,4851101.006993927,2297509.8979054634
KBYI,Burley Municipal Airport,Idaho,1337208.7219738825,2448638.996164103
KBUY,Burlington Alamance Regional Airport,North-Carolina,5092932.779060651,1528568.7142185932
KBTV,Burlington International Airport,Vermont,5785183.422020755,2739968.1442222754
KBUU,Burlington Municipal Airport,Iowa,4126030.940546889,2470677.286101165
KBMQ,Burnet Municipal Kate Craddock Field,Texas,3038202.7727378593,831701.5444918126
KBNO,Burns Municipal Airport,Oregon,769641.4774688971,2605929.13178547
KHAO,Butler Co Regional Airport,Ohio,4540246.769978958,1987585.9090546435
KBTP,Butler County-K W Scholter Field,Pennsylvania,5040939.520560791,2189808.709365204
KCMA,Camarillo Airport,California,754420.2093223197,1282874.4314746805
KNFG,Camp Pendleton MCAS (Munn Field) Airport,California,944850.2245198863,1162697.4027079078
KHOP,Campbell AAF (Fort Campbell) Air Field,Kentucky,4214555.576984757,1612888.7935944768
KCVS,Cannon Air Force Base,New-Mexico,2481542.474585165,1305289.6909740604
KCNY,Canyonlands Field,Utah,1777093.2571137554,1901728.6000298047
KFMH,Cape Cod Coast Guard Air Station,Massachusetts,6073390.811479462,2318139.03356635
KCGI,Cape Girardeau Regional Airport,Missouri,3987375.288491797,1689168.8562443582
KWWD,Cape May County Airport,New-Jersey,5593000.604446633,1937388.8858193103
KCXY,Capital City Airport,Pennsylvania,5380209.464721351,2109194.654037703
KLAN,Capital City AirportKLAN,Michigan,4533085.19630997,2483797.205956527
KPUC,Carbon County Regional/Buck Davis Field,Utah,1668025.4642078825,2023073.2612642217
KPCW,Carl R Keller Field,Ohio,4721292.889362211,2297334.1605396364
KDMW,Carroll County Regional Jack B Poage Field,Maryland,5363105.066861711,2022277.2642596373
KTSO,Carroll County-Tolson Airport,Ohio,4917439.134970714,2158768.1108307494
KCXP,Carson Airport,Nevada,684336.7086074783,1963310.4737558411
KCGZ,Casa Grande Municipal Airport,Arizona,1556767.9331206991,1117401.6415726366
KCPR,Casper-Natrona County International Airport,Wyoming,2137476.1459069154,2503108.017567319
KMER,Castle Airport,California,593009.0990381305,1710534.7933216188
KOLE,Cattaraugus County-Olean Airport,New-York,5213772.219931536,2403950.1223628595
KCNM,Cavern City Air Terminal,New-Mexico,2378497.5219820524,1037107.5534571647
KVQQ,Cecil Field,Florida,4829922.064819076,765602.8150003753
KCDC,Cedar City Regional Airport,Utah,1410906.427963508,1754797.2229686528
KAPA,Centennial Airport,Colorado,2314327.418424805,2016849.0609372705
KBMI,Central Illinois Regional Airport at Bloomington-Normal,Illinois,4059090.44543495,2146552.459262305
KOWK,Central Maine Arpt of Norridgewock Airport,Maine,6145105.968466419,2777428.303638951
KGRI,Central Nebraska Regional Airport,Nebraska,3030427.970535728,2217410.289233542
KCWA,Central Wisconsin Airport,Wisconsin,3976862.67984879,2787003.0312381685
KCDR,Chadron Municipal Airport,Nebraska,2506399.9525189386,2492588.740342512
KYKN,Chan Gurney Municipal Airport,South-Dakota,3131578.097069685,2504408.441334837
KAXN,Chandler Field,Minnesota,3349625.958852861,2956566.8461192343
KMKC,Charles B. Wheeler Downtown Airport,Missouri,3437438.7823165776,1953566.0756740049
KSTS,Charles M. Schulz Sonoma County Airport,California,347168.78909029707,1867243.6691959752
KCHS,Charleston Air Force Base-International Airport,South-Carolina,5030996.695844515,1110056.9697755221
KJZI,Charleston Executive Airport,South-Carolina,5035113.849205754,1084301.4072398092
KCVX,Charlevoix Municipal Airport,Michigan,4457810.974988833,2868706.9226544574
KPGD,Charlotte County Airport,Florida,4817460.325537035,354229.58774481015
KCLT,Charlotte Douglas International Airport,North-Carolina,4932156.620028929,1416135.31712597
KEQY,Charlotte-Monroe Executive Airport,North-Carolina,4967515.845744297,1390003.1618549349
KCHO,Charlottesville Albemarle Airport,Virginia,5204846.988072783,1815541.9601253616
KCQX,Chatham Municipal Airport,Massachusetts,6131636.662033054,2322536.9814271536
KDKK,Chautauqua County-Dunkirk Airport,New-York,5115151.035421631,2441314.9085663557
KJHW,Chautauqua County-Jamestown Airport,New-York,5116684.1068913685,2390972.23410647
KSLH,Cheboygan County Airport,Michigan,4540542.523050124,2923197.5752364993
KCWF,Chennault International Airport,Louisiana,3596177.2514050268,764576.3092963346
KTVC,Cherry Capital Airport,Michigan,4424149.40658106,2781420.6891540242
KNKT,Cherry Point MCAS /Cunningham Field/,North-Carolina,5377012.1543405065,1374250.214344297
KCPK,Chesapeake Regional Airport,Virginia,5438335.008749737,1612479.456931862
KFCI,Chesterfield County Airport,Virginia,5306457.453296753,1714118.5710550193
KCYS,Cheyenne Regional Jerry Olson Field,Wyoming,2318379.398437499,2244743.282062971
KPWK,Chicago Executive Airport,Illinois,4170173.6862455327,2385186.9444147013
KMDW,Chicago Midway International Airport,Illinois,4186499.953427323,2336859.620791518
KORD,Chicago O'Hare International Airport,Illinois,4169811.614824586,2365187.7901682444
KRFD,Chicago Rockford International Airport,Illinois,4039237.3797911988,2397178.1248484747
KCIC,Chico Municipal Airport,California,451746.8096480169,2048907.1254146155
KCIU,Chippewa County International Airport,Michigan,4545678.938889427,3017244.1995788524
KEAU,Chippewa Valley Regional Airport,Wisconsin,3777836.5993323717,2800619.695969155
KHIB,Chisholm Hibbing Airport,Minnesota,3629489.5967137367,3199008.581311892
KCII,Choteau Airport,Montana,1512856.0908869556,3270750.73770494
KLUK,Cincinnati Municipal Airport Lunken Field,Ohio,4551569.775993323,1950757.3389886227
KCVG,Cincinnati Northern Kentucky International Airport,Kentucky,4524281.10587977,1943070.0740631334
KCOS,City of Colorado Springs Municipal Airport,Colorado,2330534.528254789,1908864.6435163245
KJVY,Clark Regional Airport,Indiana,4407066.7308165645,1847168.0138340928
KCLE,Cleveland Hopkins International Airport,Ohio,4832867.901112888,2282049.1231493475
KCLK,Clinton Regional Airport,Oklahoma,2962195.0165445376,1459689.381818424
KCVN,Clovis Municipal Airport,New-Mexico,2508151.91479063,1310903.4834054578
KEWN,Coastal Carolina Regional Airport,North-Carolina,5359250.248854085,1397253.1807817258
KRYY,Cobb County-Mc Collum Field,Georgia,4531858.739769312,1256355.3090622677
KCOE,Coeur D'Alene - Pappy Boyington Field,Idaho,1003436.1119360746,3261947.161359228
KUKL,Coffey County Airport,Kansas,3313456.336291762,1838387.4630156457
KCFV,Coffeyville Municipal Airport,Kansas,3330221.5363314664,1671127.852848515
KDET,Coleman A. Young Municipal Airport,Michigan,4705830.173371382,2428833.123145233
KMTO,Coles County Memorial Airport,Illinois,4128813.0267603383,2003760.2837041775
KTKI,Collin County Regional At Mc Kinney Airport,Texas,3218679.10734024,1146540.7745435596
KAAO,Colonel James Jabara Airport,Kansas,3149624.8954776456,1761248.8406898426
KDLS,Columbia Gorge Regional the Dalles Municipal Airport,Washington,527415.3676928872,2917684.494251732
KCAE,Columbia Metropolitan Airport,South-Carolina,4912839.920944775,1246531.0251258304
KCOU,Columbia Regional Airport,Missouri,3697317.3524079924,1910593.0200257013
KCSG,Columbus Metropolitan Airport,Georgia,4494593.826542997,1060303.877053083
KBAK,Columbus Municipal Airport,Indiana,4389753.4677626155,1973163.7161991596
KOLU,Columbus Municipal AirportKOLU,Nebraska,3136320.175166852,2287350.9403885044
KCON,Concord Municipal Airport,New-Hampshire,5965977.231866101,2547273.4765498023
KJQF,Concord Regional Airport,North-Carolina,4957781.051406584,1439454.9549055705
KCQM,Cook Municipal Airport,Minnesota,3645871.320814466,3269706.7160304477
KCRP,Corpus Christi International Airport,Texas,3118952.6069735955,459045.0772536462
KCEZ,Cortez Municipal Airport,Colorado,1900505.9241395905,1699860.2298985552
KCVO,Corvallis Municipal Airport,Oregon,294934.9148680918,2743851.2899929658
KCBF,Council Bluffs Municipal Airport,Iowa,3309558.0737434286,2259808.3236142313
KPRX,Cox Field,Texas,3343482.8124300684,1206713.2678791601
KCRG,Craig Municipal Airport,Florida,4869596.447692002,780514.6937383618
KCSV,Crossville Memorial Whitson Field,Tennessee,4478595.5794544,1515412.2967715664
KVHN,Culberson County Airport,Texas,2321445.5455381842,872398.838047944
KEYF,Curtis L Brown Jr Field,North-Carolina,5191005.901530909,1334386.3400641852
KCTB,Cut Bank Municipal Airport,Montana,1490078.9113840046,3398963.5502093406
KCGF,Cuyahoga County Airport,Ohio,4872662.5904015135,2304473.95543666
KTNT,Dade Collier Training and Transition Airport,Florida,4937204.476783006,224841.70832040068
KDHT,Dalhart Municipal Airport,Texas,2566409.4617879204,1525061.1604082696
KDFW,Dallas Fort Worth International Airport,Texas,3169675.129138322,1109822.1450396478
KDAL,Dallas Love Field,Texas,3190065.3959165034,1103341.9625390223
KDNN,Dalton Municipal Airport,Georgia,4502117.155008516,1350509.1262021004
KDXR,Danbury Municipal Airport,Connecticut,5749166.688404842,2276180.7998696463
KMSN,Dane County Regional Truax Field,Wisconsin,4012922.857435983,2537843.8967922367
KDNL,Daniel Field,Georgia,4812105.85409479,1184362.3117466015
KMQI,Dare County Regional Airport,North-Carolina,5506797.715302243,1511043.4904831527
KUDG,Darlington County Jetport Airport,South-Carolina,5047466.143678146,1314130.3705001837
KDVN,Davenport Municipal Airport,Iowa,3875953.166398092,2311091.1560466914
KDWH,David Wayne Hooks Memorial Airport,Texas,3332312.6957879616,745735.2156072198
KGDV,Dawson Community Airport,Montana,2318926.6306439023,3159006.8609926794
KMGY,Dayton Wright Brothers Airport,Ohio,4572781.301179484,2019534.600795662
KDAB,Daytona Beach International Airport,Florida,4919563.712911298,634642.4499953096
KPDK,DeKalb Peachtree Airport,Georgia,4564338.129996383,1238191.9364944622
KDEC,Decatur Airport,Illinois,4064587.7798752673,2054495.605041435
KDRT,Del Rio International Airport,Texas,2743807.9574232516,659035.4039214058
KDED,Deland Municipal Sidney H Taylor Field,Florida,4894848.2631160505,620490.0477535976
KMIE,Delaware County Johnson Field,Indiana,4444550.5343520595,2112809.150614742
KDLZ,Delaware Municipal Airport,Ohio,4694343.416477265,2118176.472989603
KESC,Delta County Airport,Michigan,4258632.005078258,2934013.3483249666
KDTO,Denton Municipal Airport,Texas,3152154.671693264,1149524.2556283688
KDEN,Denver International Airport,Colorado,2333600.6709643,2058360.89499987
KDSM,Des Moines International Airport,Iowa,3539245.5813768567,2299923.1297318274
KDTS,Destin Fort Walton Beach Airport,Florida,4326766.374956955,788612.2723114043
KDTL,Detroit Lakes Airport - Wething Field,Minnesota,3295859.016084719,3108686.379805032
KDTW,Detroit Metropolitan Wayne County Airport,Michigan,4668215.201978397,2399690.9636400426
KDVL,Devils Lake Regional Airport,North-Dakota,2964812.516241197,3317513.409929389
KDIK,Dickinson Theodore Roosevelt Regional Airport,North-Dakota,2538485.0056280545,3104238.70500998
KEEN,Dillant Hopkins Airport,New-Hampshire,5881822.05791126,2501672.6299956487
KDLN,Dillon Airport,Montana,1470696.2108592005,2861019.493821877
KCZT,Dimmit County Airport,Texas,2864636.5377502902,552413.5547551825
KPTB,Dinwiddie County Airport,Virginia,5308384.86280429,1683463.1502665598
KDDC,Dodge City Regional Airport,Kansas,2849086.933335075,1763437.2701478722
KGYH,Donaldson Center Airport,South-Carolina,4775201.8606631,1355226.6016164892
KSUE,Door County Cherryland Airport,Wisconsin,4222735.577845191,2797206.064552957
KDHN,Dothan Regional Airport,Alabama,4438669.722757256,906129.0292126415
KAEG,Double Eagle II Airport,New-Mexico,2101229.661865047,1406917.4918610402
KDOV,Dover Air Force Base,Delaware,5531929.223795915,1954455.6471705483
KFYV,Drake Field,Arkansas,3483726.676282271,1522692.2769578919
KTPL,Draughon Miller Central Texas Regional Airport,Texas,3129180.3233411447,884510.3942697113
KDUJ,DuBois Regional Airport,Pennsylvania,5156030.152904327,2248030.550605852
KDBQ,Dubuque Regional Airport,Iowa,3862681.0294709285,2427765.5872043157
KDLH,Duluth International Airport,Minnesota,3700163.768820868,3111391.386781578
KDPA,Dupage Airport,Illinois,4132164.0615919977,2354764.289294379
KDRO,Durango La Plata County Airport,Colorado,1996213.8561882854,1679024.634447488
KPOU,Dutchess County Airport,New-York,5705145.400759171,2313478.796652442
KDYR,Dyersburg Regional Airport,Tennessee,4005356.085086788,1521731.3429277986
KEGE,Eagle County Regional Airport,Colorado,2087760.352365526,2027154.0320021566
KEYE,Eagle Creek Airpark,Indiana,4346159.100793739,2053939.6598342564
KEGV,Eagle River Union Airport,Wisconsin,4020500.4907889473,2966952.4651466263
KHTO,East Hampton Airport,New-York,5883902.356057368,2216264.62703167
KGGG,East Texas Regional Airport,Texas,3424439.8410459626,1043135.4333176366
KPDT,Eastern Oregon Regional At Pendleton Airport,Oregon,782124.9391526992,2929685.318480907
KIZG,Eastern Slopes Regional Airport,Maine,6026686.857829795,2666487.617757025
KMRB,Eastern Wv Regional Shepherd Field,West-Virginia,5256129.2695421465,1992983.9775332203
KCLL,Easterwood Field,Texas,3243504.0024160105,812567.5404210645
KESN,Easton Newnam Field,Maryland,5465897.710277334,1908639.5047795651
KMPV,Edward F Knapp State Airport,Vermont,5849900.754783952,2698874.3985028025
KEDW,Edwards Air Force Base,California,886921.8523739704,1374850.7415321893
KVPS,Eglin Air Force Base,Florida,4320863.841146548,799167.1541975164
KEMT,El Monte Airport,California,870386.405300751,1265990.485207735
KELP,El Paso International Airport,Texas,2146893.461037561,968576.8833558322
KECG,Elizabeth City Regional Airport & Coast Guard Air Station,North-Carolina,5454334.091814842,1557334.4383007493
KEKO,Elko Regional Airport,Nevada,1116007.8295057856,2196752.44765855
KLUG,Ellington Airport,Tennessee,4290366.164416515,1455478.1284493105
KEFD,Ellington Field,Connecticut,3375458.4200725034,688360.5823292229
KELM,Elmira Corning Regional Airport,New-York,5375818.280493596,2391932.440494284
KELY,Ely Airport Yelland Field,Nevada,1220037.7874653835,1978511.2776680272
KELO,Ely Municipal Airport,Minnesota,3739903.317157938,3270131.029124478
KSBO,Emanuel County Airport,Georgia,4775913.6736263,1072361.4221366262
KWDG,Enid Woodring Regional Airport,Oklahoma,3087206.7511697384,1573453.1991296029
KEKS,Ennis Big Sky Airport,Montana,1569689.1737802764,2863570.9370444994
KOMA,Eppley Airfield,Nebraska,3294939.173148124,2266219.8063590694
KERI,Erie International Tom Ridge Field,Pennsylvania,5016391.946293208,2380597.841761994
KPRC,Ernest A. Love Field,Arizona,1485260.8030738323,1341399.6443188721
KCDW,Essex County Airport,New-Jersey,5661649.618220352,2204033.785571431
KEVV,Evansville Regional Airport,Indiana,4210591.313444748,1801406.1255231053
KEVM,Eveleth Virginia Municipal Airport,Minnesota,3666776.2316190763,3205237.501400018
KORL,Executive Airport,Florida,4889471.234883371,555317.8197550094
KLHQ,Fairfield County Airport,Ohio,4744464.406563498,2043236.5213059215
KFFZ,Falcon Field,Alabama,1561038.8109218038,1183614.214479513
KINL,Falls International Airport,Minnesota,3567717.2646182654,3391977.776582622
KFVX,Farmville Regional Airport,Virginia,5206501.200916321,1707365.3225209862
KFAY,Fayetteville Regional Grannis Field,North-Carolina,5158044.449993056,1386313.4122527712
KSFF,Felts Field,Oregon,948354.9890914812,3247051.181019281
KFFM,Fergus Falls Municipal Einar Mickelson Field,Minnesota,3266182.5980911823,3022566.662643647
KFIT,Fitchburg Municipal Airport,Massachusetts,5937866.468123652,2450348.5738501623
KFLG,Flagstaff Pulliam Airport,Arizona,1567280.5439209635,1406020.4527458418
KFLO,Florence Regional Airport,South-Carolina,5065665.830910837,1279127.3637787956
KGFL,Floyd Bennett Memorial Airport,New-York,5735139.29436799,2568103.5554956067
KFCM,Flying Cloud Airport,Minnesota,3561803.8700340516,2794658.3324314635
KFLD,Fond du Lac County Airport,Wisconsin,4105903.8440694753,2633078.5780409323
KMRN,Foothills Regional Airport,North-Carolina,4858974.393615168,1497692.7496113554
KFOE,Forbes Field,Kansas,3320180.127820264,1929275.2150529772
KIMT,Ford Airport,Michigan,4146848.128012815,2949037.758443596
KFNL,Fort Collins Loveland Municipal Airport,Colorado,2296587.2320987806,2142911.0852973247
KFOD,Fort Dodge Regional Airport,Iowa,3481262.9006312564,2449961.835382034
KFXE,Fort Lauderdale Executive Airport,Florida,5016738.714923378,265728.1884634653
KFLL,Fort Lauderdale Hollywood International Airport,Florida,5018709.567964174,250517.63847582042
KFSM,Fort Smith Regional Airport,Arkansas,3462120.813430626,1432580.2821438997
KFST,Fort Stockton Pecos County Airport,Texas,2526001.5439223526,854247.7492979071
KFWA,Fort Wayne International Airport,Indiana,4466539.038118875,2219005.925968481
KAFW,Fort Worth Alliance Airport,Texas,3138925.978584073,1121669.8500879668
KFTW,Fort Worth Meacham International Airport,Texas,3134152.1531235822,1099784.35514575
KFWS,Fort Worth Spinks Airport,Texas,3140098.1306862556,1066655.9901249162
KFMN,Four Corners Regional Airport,New-Mexico,1944088.5946428697,1622805.2296688352
KFOK,Francis S Gabreski Airport,New-York,5842290.538912452,2199473.2595999558
KMLS,Frank Wiley Field,Montana,2200769.854605306,3045350.901033706
KFDK,Frederick Municipal Airport,Maryland,5322960.319417365,1995208.8081259439
KSER,Freeman Municipal Airport,Indiana,4388537.871667252,1925431.5989367487
KFET,Fremont Municipal Airport,Nebraska,3226377.0469774962,2287511.444746825
KFRH,French Lick Municipal Airport,Indiana,4308653.575272604,1866851.8428097386
KFCH,Fresno Chandler Executive Airport,California,674919.389063759,1621602.6913234917
KFAT,Fresno Yosemite International Airport,California,686088.6708134669,1627589.1234804746
KFHR,Friday Harbor Airport,Washington,324063.26896038704,3384666.70735636
KSUN,Friedman Memorial Airport,Idaho,1279828.4114076875,2592708.982045428
KFTY,Fulton County Airport Brown Field,Georgia,4540312.771408657,1225471.2261618576
KGLE,Gainesville Municipal Airport,Texas,3152264.117116142,1208660.1778621464
KGNV,Gainesville Regional Airport,Florida,4786656.869580664,698793.5777146886
KGBG,Galesburg Municipal Airport,Illinois,3893167.84478107,2213133.1500266
KBZN,Gallatin Field,Montana,1624004.1795407636,2942613.536269285
KGUP,Gallup Municipal Airport,New-Mexico,1882875.1857879243,1456029.7835912406
KGCK,Garden City Regional Airport,Kansas,2766037.909811809,1786193.5885206955
KRIL,Garfield County Regional Airport,Colorado,1999170.550824883,2010628.7900565118
KGYY,Gary Chicago International Airport,Indiana,4223688.003683591,2311970.036798739
KGLR,Gaylord Regional Airport,Michigan,4520361.121783819,2823469.3078778004
KBOS,General Edward Lawrence Logan International Airport,Massachusetts,6020411.708208139,2422176.4550896706
KMKE,General Mitchell International Airport,Wisconsin,4170709.7361916616,2508970.5036077173
KWJF,General WM J Fox Airfield,California,850237.5835415783,1352934.2049854049
KGVQ,Genesee County Airport,New-York,5236089.060656872,2521620.4216104625
KIAH,George Bush Intercontinental Houston Airport,Texas,3355462.491003606,735945.9770115255
KGGE,Georgetown County Airport,South-Carolina,5109938.592391677,1164059.9396413611
KGTU,Georgetown Municipal Airport,Texas,3099438.7390293223,824047.0421928694
KGRR,Gerald R. Ford International Airport,Michigan,4430654.307811331,2499041.9526546737
KSEE,Gillespie Field,California,986791.2184215741,1100617.9780487907
KGCC,Gillette Campbell County Airport,Wyoming,2238768.302254834,2721112.687871378
KGPI,Glacier Park International Airport,Montana,1284208.7324853633,3349771.73497881
KGEU,Glendale Municipal Airport,Arizona,1498949.003265802,1192293.9671907397
KDVO,Gnoss Field,California,375312.131682845,1816238.273240136
KIWD,Gogebic Iron County Airport,Michigan,3925986.4328061757,3061173.0027329456
KGTR,Golden Triangle Regional Airport,Mississippi,4094625.117466316,1182235.8213265464
KGWW,Goldsboro-Wayne Municipal Airport,North-Carolina,5258286.430165525,1449238.4322342845
KGSH,Goshen Municipal Airport,Indiana,4401076.473809832,2298811.5717209987
KGCN,Grand Canyon National Park Airport,Arizona,1515155.2801963869,1515560.9129932243
KGFK,Grand Forks International Airport,North-Dakota,3154552.445421804,3290510.0070704846
KGJT,Grand Junction Regional Airport,Colorado,1911565.7599188918,1953453.000206585
KCKC,Grand Marais Cook County Airport,Minnesota,3898446.2888355535,3272381.734827622
KGPM,Grand Prairie Municipal Airport,Texas,3168700.981347135,1084027.888245381
KGPZ,Grand Rapids Itasca Co-Gordon Newstrom field,Minnesota,3556032.5040811356,3170670.5323554156
KCRE,Grand Strand Airport,South-Carolina,5175171.405201609,1229767.0152686988
KMWH,Grant Co International Airport,Washington,729672.176209145,3170122.0202989634
KSVC,Grant County Airport,New-Mexico,1952192.568564516,1075924.0247783395
KGBD,Great Bend Municipal Airport,Kansas,2970243.8499417,1844221.6748491665
KGTF,Great Falls International Airport,Montana,1600131.7124825534,3214452.2061965866
KBGM,Greater Binghamton/Edwin A Link field,New-York,5475665.923329096,2399143.900810946
KPIA,Greater Peoria Regional Airport,Illinois,3973961.122999037,2173524.9881574223
KROC,Greater Rochester International Airport,New-York,5290316.342793959,2534692.936797954
KGXY,Greeley Weld County Airport,Colorado,2337980.1587264556,2140838.9912914624
KLWB,Greenbrier Valley Airport,West-Virginia,4991684.068107585,1776590.909431492
KGMU,Greenville Downtown Airport,South-Carolina,4778093.391981862,1367175.742632411
KGSP,Greenville Spartanburg International Airport,South-Carolina,4792449.122287351,1373555.498774869
KGRD,Greenwood County Airport,South-Carolina,4798997.467401298,1287510.1320901406
KGWO,Greenwood Leflore Airport,Mississippi,3931100.2909899494,1188012.3699634466
KRME,Griffiss International Airport,New-York,5538390.681241067,2551946.323640285
KGUS,Grissom ARB Airport,Indiana,4361742.1236492405,2171201.3048868943
KGON,Groton New London Airport,Connecticut,5906537.507465597,2270141.980499449
KGPT,Gulfport Biloxi International Airport,Mississippi,4042204.93807065,789526.4563167877
KGUC,Gunnison Crested Butte Regional Airport,Colorado,2086117.8344545097,1870729.1396179013
KGUY,Guymon Municipal Airport,Oklahoma,2680185.0783851175,1615141.9908941053
KLZU,Gwinnett County Briscoe Field,Georgia,4601526.180657823,1251719.4000963382
KHGR,Hagerstown Regional Richard A Henson Field,Maryland,5284063.750608821,2036444.5898479857
KDUC,Halliburton Field,Oklahoma,3068722.1717163455,1316985.764665044
KMNZ,Hamilton Municipal Airport,New-York,3048058.7088654926,950383.3403694942
KHDC,Hammond Northshore Regional Airport,Louisiana,3894558.0517744087,804047.6631060387
KBHB,Hancock County-Bar Harbor Airport,Maine,6309911.556633701,2736608.0520136524
KOFP,Hanover County Municipal Airport,Virginia,5316127.0824112315,1755904.4192801435
KHEZ,Hardy Anders Field Natchez Adams County Airport,Mississippi,3798313.754075013,943669.3782665599
KHRJ,Harnett Regional Jetport Airport,North-Carolina,5174174.699842497,1438326.7203885494
KVMR,Harold Davidson Field,South-Dakota,3181030.7185801202,2481798.072181736
KMDT,Harrisburg International Airport,Pennsylvania,5389857.370996047,2105811.1805254444
KPTN,Harry P Williams Memorial Airport,Louisiana,3793747.9584565107,701239.2232833644
KHFD,Hartford Brainard Airport,Connecticut,5840363.129853887,2329621.966176617
KVSF,Hartness State (Springfield) Airport,Vermont,5854828.305231836,2568464.844574079
KATL,Hartsfield Jackson Atlanta International Airport,Georgia,4550529.626794338,1206726.3130655633
KHVS,Hartsville Regional Airport,South-Carolina,5022378.078214006,1307983.3293636446
KHSI,Hastings Municipal Airport,Nebraska,3017473.3087091725,2165025.8955234047
KHBG,Hattiesburg Bobby L Chain Municipal Airport,Mississippi,4022198.1477680225,898888.4685744816
KPIB,Hattiesburg Laurel Regional Airport,Mississippi,4012967.136880041,924833.1229639081
KHVR,Havre City County Airport,Montana,1776326.3129230954,3388139.4109194027
KHKS,Hawkins Field,Mississippi,3916043.6083089104,1036718.4614743558
KHYS,Hays Regional Airport,Kansas,2924908.3816391975,1913980.9458735436
KHWD,Hayward Executive Airport,California,422837.3437404931,1749013.4413973494
KEZM,Heart of Georgia Regional Airport,Georgia,4692898.068543322,1021137.6903936854
KFAR,Hector International Airport,North-Dakota,3194007.1019980945,3123984.2262129663
KHLN,Helena Regional Airport,Montana,1533114.354783838,3073803.8915978028
KHND,Henderson Executive Airport,Nevada,1188062.183261424,1518321.0093522482
KHNZ,Henderson Oxford Airport,North-Carolina,5196492.376095364,1571059.4978459617
KTMA,Henry Tift Myers Airport,Georgia,4653420.854530514,919942.7017456368
KHEG,Herlong Airport,Florida,4837675.145035568,773094.492205427
KHRI,Hermiston Municipal Airport,Oregon,736351.6893119904,2950577.70789319
KBKV,Hernando County Airport,Florida,4766551.495045085,546357.9351745583
KHKY,Hickory Regional Airport,North-Carolina,4883272.947914194,1487015.4703893447
KHXD,Hilton Head Airport,South-Carolina,4959050.952476999,1022458.0138894017
KHBR,Hobart Regional Airport,Oklahoma,2949196.910746702,1386326.6702606673
KHVC,Hopkinsville Christian County Airport,Kentucky,4219056.20662444,1638641.3594863573
KIGX,Horace Williams Airport,North-Carolina,5137720.184655524,1513207.549508701
KCMX,Houghton County Memorial Airport,Michigan,4105827.8170978352,3163789.623657817
KHUL,Houlton International Airport,Maine,6372264.534470013,2997045.1428835616
KHUM,Houma Terrebonne Airport,Louisiana,3868058.057528399,683222.8205409963
KAXH,Houston Southwest Airport,Texas,3340624.699562544,675620.7433541534
KLND,Hunt Field,Wyoming,1889335.8074974837,2489244.237602799
KSVN,Hunter Army Air Field,Georgia,4909970.9467887655,994737.5896979305
KHSV,Huntsville International Carl T Jones Field,Alabama,4293520.030563266,1339096.921525293
KUTS,Huntsville Municipal Airport,Texas,3328546.4365698975,832720.998579008
KBAX,Huron County Memorial Airport,Michigan,4708513.674267777,2634443.9119819095
KHON,Huron Regional Airport,South-Dakota,3039308.9234103453,2726673.27558004
KBGD,Hutchinson County Airport,Texas,2692669.3755855006,1481593.3615492815
KHUT,Hutchinson Municipal Airport,Kansas,3079595.6993655344,1805369.331861835
KIDA,Idaho Falls Regional Airport,Idaho,1523478.144963791,2594249.1343274945
KBDR,Igor I Sikorsky Memorial Airport,Connecticut,5788150.980311159,2245877.9389235405
KVYS,Illinois Valley Regional-Walter A Duncan field,Illinois,4033115.9553649966,2273321.174584857
KIPL,Imperial County Airport,California,1139332.2361559824,1101660.961134119
KIDP,Independence Municipal Airport,Kansas,3307608.9426992238,1679972.7773718555
KTYQ,Indianapolis Executive Airport,Indiana,4350867.760286359,2082500.7130784383
KIND,Indianapolis International Airport,Indiana,4346159.100793739,2037782.615487148
KIDL,Indianola Municipal Airport,Mississippi,3866032.0640397747,1186882.8703182265
KHSP,Ingalls Field,Virginia,5053620.151082809,1789511.9761685068
KIYK,Inyokern Airport,California,892835.2519406881,1475917.4328442481
KIOW,Iowa City Municipal Airport,Iowa,3771025.0839286093,2315324.84066738
KMRJ,Iowa County Airport,Wisconsin,3914510.5373538495,2499938.7160376385
KITH,Ithaca Tompkins Regional Airport,New-York,5423256.604575833,2440973.3006596835
KJKA,Jack Edwards Airport,Alabama,4195326.600888868,774705.1204430265
KCEC,Jack Mc Namara Field Airport,California,191233.28932253487,2336008.107174524
KHHR,Jack Northrop Field Hawthorne Municipal Airport,California,837535.2342862361,1244418.9920193455
KJXN,Jackson County Reynolds Field,Michigan,4547102.56482678,2406701.839645517
KJAN,Jackson Evers International Airport,Mississippi,3932064.413250147,1033699.1102588675
KJAC,Jackson Hole Airport,Wyoming,1669449.0955438602,2608257.8156028157
KJAX,Jacksonville International Airport,Florida,4850597.223872714,800552.3510493403
KNIP,Jacksonville Naval Air Station,Florida,4851395.924515659,767769.9454398747
KTRM,Jacqueline Cochran Regional Airport,California,1075709.3570959482,1205411.3331196685
KDAY,James M Cox Dayton International Airport,Ohio,4573383.668730758,2064169.3168582208
KJMS,Jamestown Regional Airport,North-Dakota,2990064.3319390076,3125427.1171558956
KJEF,Jefferson City Memorial Airport,Missouri,3704270.896224045,1878753.832523441
KCUB,Jim Hamilton L.B. Owens Airport,South-Carolina,4926451.255297652,1250715.9866256737
KLXN,Jim Kelly Field,Nebraska,2869706.951951835,2191847.769812217
KFSD,Joe Foss Field Airport,South-Dakota,3202100.2149269213,2604432.5589813106
KJWN,John C Tune Airport,Tennessee,4281298.903696502,1546719.5027268156
KJFK,John F Kennedy International Airport,New-York,5716676.436265105,2170003.3409954
KASX,John F Kennedy Memorial Airport,Wisconsin,3839740.0989568173,3064516.0701836525
KRAC,John H Batten Airport,Wisconsin,4179623.272044739,2481097.0837205993
KJST,John Murtha Johnstown Cambria County Airport,Pennsylvania,5163125.725187421,2123402.6790764974
KSNA,John Wayne Airport-Orange County Airport,California,888674.653348856,1211857.2483732984
KOJC,Johnson County Executive Airport,Kansas,3421581.7286055116,1914739.8746861639
KJBR,Jonesboro Municipal Airport,Arkansas,3869591.128877679,1499245.5887120292
KJLN,Joplin Regional Airport,Missouri,3447786.805110776,1679065.514448382
KTWF,Joslin Field Magic Valley Regional Airport,Idaho,1258803.1878360559,2439606.99375634
KAZO,Kalamazoo Battle Creek International Airport,Michigan,4427445.301129147,2403018.583081781
KKNB,Kanab Municipal Airport,Utah,1473105.6810423892,1659752.9442071905
KMCI,Kansas City International Airport,Missouri,3424177.5062179756,1978213.8453897731
KOFK,Karl Stefan Memorial Airport,Nebraska,3126191.0430651023,2366204.363800804
KEAR,Kearney Regional Airport,Nebraska,2954081.0170480986,2182595.472716527
KENW,Kenosha Regional Airport,Wisconsin,4167292.6997112934,2456534.603896645
KEOK,Keokuk Municipal Airport,Iowa,3783947.1627657535,2144076.593120058
KERV,Kerrville Municipal Louis Schreiner Field,Texas,2945440.676950125,734972.5366692482
KMEI,Key Field,Mississippi,4077049.51958438,1036472.257277281
KEYW,Key West International Airport,Florida,4842745.559237112,66804.62219821336
KIBM,Kimball Municipal Robert E Arraj Field,Nebraska,2442667.6281126784,2249456.4588333834
KIGM,Kingman Airport,Arizona,1319030.7565406736,1422235.250735655
KLNL,Kings Land O' Lakes Airport,Wisconsin,4026655.333447376,3001928.294682556
KISO,Kinston Regional Jetport At Stallings Field,North-Carolina,5297280.7476028325,1431882.352942151
KIRK,Kirksville Regional Airport,Missouri,3661694.9565013642,2091485.760891636
KIRS,Kirsch Municipal Airport,Michigan,4439830.178481445,2340870.054603098
KISM,Kissimmee Gateway Airport,Florida,4878060.505409866,523481.0308219916
KITR,Kit Carson County Airport,Colorado,2595099.2003804073,1970420.089130857
KLMT,Klamath Falls Airport,Oregon,465435.0054488127,2391371.1812191214
KRKD,Knox County Regional Airport,Maine,6229129.974509015,2676996.1084078616
KDKX,Knoxville Downtown Island Airport,Tennessee,4611217.530509578,1517116.8631830215
KOKK,Kokomo Municipal Airport,Indiana,4371937.257038332,2153911.322213643
KOLF,L M Clayton Airport,Montana,2234826.596173243,3314283.044349243
KLSE,La Crosse Municipal Airport,Wisconsin,3802760.0785644376,2649441.401151086
KLGD,La Grande Union County Airport,Oregon,873452.5480102621,2866434.251926287
KLGA,La Guardia Airport,New-York,5706416.137368067,2189851.7361057103
KLHX,La Junta Municipal Airport,Colorado,2461064.4828038155,1803172.4288823092
KSKF,Lackland Air Force Base (Kelly Field Annex) Airport,Texas,3000697.247643796,660291.866822232
KLCI,Laconia Municipal Airport,New-Hampshire,5975109.658816799,2603026.754455575
KLFT,Lafayette Regional Airport,Louisiana,3722722.0579051343,763904.6672557225
KLGC,Lagrange Callaway Airport,Georgia,4479953.203951102,1124451.110779941
KLCH,Lake Charles Regional Airport,Louisiana,3587406.579426067,753873.4868775909
KLCQ,Lake City Municipal Airport,Florida,4753246.775008057,760952.6729006507
KLXV,Lake County Airport,Colorado,2153572.9788162936,1967281.4388868045
KLKV,Lake County AirportKLKV,Colorado,611515.4014517616,2392109.390659053
KSME,Lake Cumberland Regional Airport,Kentucky,4529964.748625408,1665555.0445972886
KHII,Lake Havasu City Airport,Arizona,1273038.6168288055,1330302.7550657378
KTVL,Lake Tahoe Airport,California,655755.5799431917,1921252.3989354987
KNEW,Lakefront Airport,Louisiana,3937276.8558639805,743280.9159925678
KLAL,Lakeland Linder Regional Airport,Florida,4814383.321407633,486113.9147370211
KARV,Lakeland-Noble F. Lee Memorial field,Wisconsin,3969843.134099314,2966259.386453177
KLAA,Lamar Municipal Airport,Colorado,2550968.467311857,1805953.5193864107
KSTL,Lambert St Louis International Airport,Missouri,3899858.218307307,1900843.7137592053
KLNS,Lancaster Airport,Pennsylvania,5441029.371306937,2095523.597320499
KLKR,Lancaster County-Mc Whirter Field,South-Carolina,4941847.970187302,1350509.1262021004
KLFI,Langley Air Force Base,Virginia,5433977.243071777,1669603.9870928861
KLAR,Laramie Regional Airport,Wyoming,2223875.370365942,2267517.1927404655
KLRD,Laredo International Airport,Texas,2904277.5021719765,431030.2984831296
KLQR,Larned Pawnee County Airport,Kansas,2945408.0934350872,1825292.5651296638
KLRU,Las Cruces International Airport,New-Mexico,2087322.5742329431,1030874.7329410561
KLVS,Las Vegas Municipal Airport,New-Mexico,2282242.3627970624,1475297.9259884963
KIFP,Laughlin Bullhead International Airport,Arizona,1250918.939794924,1408551.3539016666
KBED,Laurence G Hanscom Field,Massachusetts,5989334.222239396,2437855.219751481
KMWC,Lawrence J Timmerman Airport,Wisconsin,4155619.6354645547,2533417.9783038283
KLWM,Lawrence Municipal Airport,Massachusetts,6007468.743164747,2474626.26104737
KLWC,Lawrence Municipal AirportKLWC,Kansas,3369128.9658809677,1937769.5020017708
KLSF,Lawson Army Air Field (Fort Benning),Georgia,4488855.87882231,1037081.3498936449
KLAW,Lawton Fort Sill Regional Airport,Oklahoma,3018710.626790177,1329850.7507354086
KHOB,Lea County Regional Airport,New-Mexico,2493040.088595606,1082557.647871188
KLEB,Lebanon Municipal Airport,New-Hampshire,5878164.408643298,2611101.267837031
KAIZ,Lee C Fine Memorial Airport,Missouri,3661191.173380151,1809612.7502553025
KGVL,Lee Gilmer Memorial Airport,Georgia,4616003.051920992,1290676.6533072577
KJYO,Leesburg Executive Airport,Virginia,5302898.388907821,1947187.9359364407
KLEE,Leesburg International Airport,Florida,4837368.530927779,589969.0159046738
KABE,Lehigh Valley International Airport,Pennsylvania,5534688.752463343,2171778.3189339945
KSMN,Lemhi County Airport,Idaho,1325273.3228444026,2840571.062008229
KADG,Lenawee County Airport,Michigan,4588944.13412784,2348865.7611909816
KLOT,Lewis University Airport,Illinois,4148852.399023025,2310652.0242600283
KLWS,Lewiston Nez Perce County Airport,Idaho,982082.5589399032,3036855.1921781916
KLWT,Lewistown Municipal Airport,Montana,1808630.2527058055,3144627.373191081
KLBL,Liberal Mid-America Regional Airport,Kansas,2740194.5858910596,1664293.1480570566
KAOH,Lima Allen County Airport,Ohio,4594484.91299936,2179691.524351921
KLNK,Lincoln Airport,Montana,3200205.3888577656,2200530.211598916
KLHM,Lincoln Regional Karl Harder Field,California,507266.54921888275,1923404.8577779168
KIPJ,Lincolnton Lincoln County Regional Airport,North-Carolina,4908262.428773069,1452290.3705889592
KLRF,Little Rock Air Force Base,Arkansas,3704971.8481944255,1376386.590137132
KLVK,Livermore Municipal Airport,California,455908.2410516437,1753745.5758336214
KOZW,Livingston County Spencer J. Hardy Airport,Michigan,4599369.019399311,2461519.331503283
KLGU,Logan Cache Airport,Utah,1547460.0595583355,2337623.2477403237
KLOZ,London Corbin Airport Magee Field,Kentucky,4588112.014748942,1669507.6401955504
KCXO,Lone Star Executive Airport,Texas,3347457.9369628974,782481.5927063231
KLGB,Long Beach /Daugherty Field/ Airport,California,857574.6103268635,1230557.8879166641
KISP,Long Island Mac Arthur Airport,New-York,5790998.231999703,2192455.2689452562
KLPR,Lorain County Regional Airport,Ohio,4796972.3089364795,2272212.7321291137
KSLI,Los Alamitos Army Air Field,California,868524.9925470223,1226907.6659540855
KLAX,Los Angeles International Airport,California,829541.5446768213,1247019.442325435
KMSY,Louis Armstrong New Orleans International Airport,Louisiana,3912122.7891563005,737083.9634627616
KSDF,Louisville International Standiford Field,Kentucky,4407307.343658913,1820527.6798976967
KCHA,Lovell Field,Tennessee,4465586.612652793,1392209.9563616468
KRBW,Lowcountry Regional Airport,South-Carolina,4965281.822326079,1112978.7514580907
KLBB,Lubbock Preston Smith International Airport,Texas,2645691.3905984443,1210265.1249584272
KLYH,Lynchburg Regional Preston Glenn Field,Virginia,5122991.83863734,1703123.0101389159
KMBS,MBS International Airport,Michigan,4588692.660303624,2597013.3075467534
KMCF,Mac Dill Air Force Base,Florida,4759345.6417020755,468813.448163121
KMVM,Machias Valley Airport,Maine,6406594.471858759,2775517.412196208
KMQB,Macomb Municipal Airport,Illinois,3868934.4563513566,2152744.6276136357
KIMS,Madison Municipal Airport,Indiana,4436928.621325077,1902276.068537403
KEUG,Mahlon Sweet Field,Oregon,303476.6687839165,2686830.1392027168
KGVT,Majors Airport,California,3276191.4231530516,1132144.9152235398
KSSI,Malcolm Mc Kinnon Airport,Georgia,4883076.614274994,884420.8249807456
KMMH,Mammoth Yosemite Airport,California,782454.1148801169,1744159.542889853
KHEF,Manassas Regional Harry P. Davis field,Virginia,5307508.463707568,1897011.5371387014
KMHT,Manchester Airport,New-Hampshire,5973269.973184521,2506786.182875612
KMHK,Manhattan Regional Airport,Kansas,3209885.8781218724,1956078.8367376644
KMBL,Manistee Co Blacker Airport,Michigan,4351360.68195483,2709405.58039523
KMTW,Manitowoc County Airport,Wisconsin,4194362.479066694,2687470.875023707
KMKT,Mankato Regional Airport,Minnesota,3511255.959468132,2701639.8119982826
KMFD,Mansfield Lahm Regional Airport,Ohio,4759849.425108004,2196245.693319481
KAVQ,Marana Regional Airport,Arizona,1616886.052317878,1046455.5779387867
KRIV,March ARB Airport,California,955362.8363057029,1238864.6530769044
KMKY,Marco Island Airport,Florida,4852283.184627103,241060.60626448598
KMRF,Marfa Municipal Airport,Texas,2405326.6884513013,784930.789588741
KMAI,Marianna Municipal Airport,Florida,4467984.386381335,844308.3889260925
KMNN,Marion Municipal Airport,Ohio,4699961.057782253,2166597.992794334
KMZZ,Marion Municipal AirportKMZZ,Indiana,4413472.212067345,2148395.0827542143
KMFI,Marshfield Municipal Airport,Wisconsin,3919646.1175342156,2765324.4846644485
KMVY,Martha's Vineyard Airport,Massachusetts,6063217.400086962,2279333.618951289
KMTN,Martin State Airport,Maryland,5428139.875524906,1982190.7849045163
KMCW,Mason City Municipal Airport,Iowa,3575579.790257636,2540530.365052373
KLDM,Mason County Airport,Michigan,4333730.77945921,2662135.707480369
KTEW,Mason Jewett Field,Michigan,4551065.993408687,2452087.959620917
KMSS,Massena International Richards Field,New-York,5599867.260287275,2811441.429114978
KMRC,Maury County Airport,Tennessee,4249301.574057476,1461815.906285198
KMXF,Maxwell Air Force Base,Alabama,4338340.854609377,1042992.9716424504
KMLC,Mc Alester Regional Airport,Oklahoma,3307050.0192834893,1371780.1993819964
KMFE,Mc Allen Miller International Airport,Texas,3038202.773241584,263104.57593373675
KMYL,Mc Call Municipal Airport,Idaho,1082170.8169611732,2804313.5266310684
KMCC,Mc Clellan Airfield,California,501790.93375280255,1889462.8563535241
KCRQ,Mc Clellan-Palomar Airport,California,953063.6463173359,1140053.3701739889
KMCB,Mc Comb/Pike County/John E Lewis Field,Mississippi,3888699.798119847,887837.6381594599
KIAB,Mc Connell Air Force Base,Kansas,3144466.756951866,1743855.2285732403
KMCK,Mc Cook Ben Nelson Regional Airport,Nebraska,2780492.2211088818,2107646.0740030734
KPWG,Mc Gregor Executive Airport,Texas,3139178.2881767345,927118.5313065429
KWRI,Mc Guire Air Force Base,New-Jersey,5627670.574865278,2080341.104429584
KMKL,Mc Kellar Sipes Regional Airport,Tennessee,4059123.0277235247,1467982.218629742
KMMV,Mc Minnville Municipal Airport,Oregon,311798.6966549682,2851535.344128467
KLAS,McCarran International Airport,Nevada,1186091.333199179,1532849.5961134434
KTCM,McChord Air Force Base,Washington,384072.77814176446,3158845.9664757615
KTYS,McGhee Tyson Airport,Tennessee,4598065.699384882,1496450.2276216717
KSLE,McNary Field,Oregon,326363.28845347906,2807374.2143014716
KBFL,Meadows Field,California,758472.197000404,1445609.029993271
KMLB,Melbourne International Airport,Florida,4964767.178212048,500246.26663747476
KHOT,Memorial Field,Iowa,3601324.528050991,1317928.7737714169
KMEM,Memphis International Airport,Tennessee,3942927.08015838,1393159.4334895131
KMNM,Menominee Marinette Twin County Airport,Michigan,4198984.250583903,2841021.6165925935
KMCE,Merced Regional Macready Field,California,598922.498604848,1697340.840768828
KSCD,Merkel Field Sylacauga Municipal Airport,Alabama,4344944.340171153,1145742.7483685138
KHQZ,Mesquite Metro Airport,Texas,3225260.0356735587,1090302.0794154983
KTDZ,Metcalf Field,Ohio,4654100.085018979,2304444.3642627904
KOAK,Metropolitan Oakland International Airport,California,411996.39881790004,1757606.8954891097
KTMB,Miami Executive Airport,Miami,4987990.81585073,198794.21588766528
KMIA,Miami International Airport,Florida,5003608.606233294,216496.00371974334
KOXD,Miami University Airport,Ohio,4511512.751898612,2007222.3613510896
KGLH,Mid Delta Regional Airport,Mississippi,3832446.5226145904,1186515.2436347157
KPKB,Mid Ohio Valley Regional Airport,West-Virginia,4877830.753571289,1984937.674403336
KJWY,Mid Way Regional Airport,Texas,3183429.3273653174,1052488.7678778367
KMCN,Middle Georgia Regional Airport,Georgia,4635823.534641035,1083247.0790816727
KMWO,Middletown Regional-Hook Field Municipal Airport,Ohio,4554121.274490246,2011296.0273756469
KMDD,Midland Airpark,Texas,2615248.85431624,998160.4038371332
KMAF,Midland International Airport,Texas,2604188.1830970114,986023.907686491
KGPH,Midwest National Air Center Airport,Missouri,3468450.267709766,1983153.6762665007
KMLE,Millard Airport,Nebraska,3271077.564969276,2250606.1104592523
KVTN,Miller Field,Nebraska,2785311.1672133515,2495605.64209699
KNQA,Millington Regional Jetport Airport,Tennessee,3954578.422463282,1435278.715598343
KMLT,Millinocket Municipal Airport,Maine,6274421.1634769635,2922273.1101575727
KMIV,Millville Municipal Airport,New-Jersey,5575053.2263138285,1988152.7082420588
KMEV,Minden Tahoe Airport,Nevada,682475.2955909362,1936233.6857795035
KMWL,Mineral Wells Airport,Texas,3057738.362678723,1094807.7268802216
KMSP,Minneapolis-St Paul International/Wold-Chamberlain Airport,Minnesota,3587570.3298239955,2803123.151282844
KMIB,Minot Air Force Base,North-Dakota,2696611.082608839,3367093.7659404315
KMOT,Minot International Airport,North-Dakota,2705152.8372364505,3341362.210581083
KNKX,Miramar Marine Corps Air Station,California,968066.030451304,1106118.8093814133
KLVM,Mission Field,Montana,1701205.8123405376,2930359.955722225
KMSO,Missoula International Airport,Montana,1302276.419004965,3123279.0778590282
KMHE,Mitchell Municipal Airport,South-Dakota,3060104.388879681,2633624.686842216
KBFM,Mobile Downtown Airport,Alabama,4151929.4032071796,817427.8664907794
KMOB,Mobile Regional Airport,Alabama,4132799.0119684217,825625.9440841903
KMBG,Mobridge Municipal Airport,South-Dakota,2800641.8819107143,2906419.374506451
KMOD,Modesto City Co-Harry Sham Field,California,550739.7721529737,1744394.7736838758
KNUQ,Moffett Federal Airfield,California,430831.0367774328,1715441.7702173032
KBLM,Monmouth Executive Airport,New-Jersey,5678787.434191763,2104865.1559427986
KBMG,Monroe County Airport,Alabama,4310865.8766066255,1956784.9582895795
KMLU,Monroe Regional Airport,Louisiana,3717236.419043421,1059602.4281309764
KMTP,Montauk Airport,New-York,5920148.841818475,2233231.2429179717
KMRY,Monterey Peninsula Airport,California,453389.32544557675,1601754.9036623854
KGAI,Montgomery County Airpark,Maryland,5345770.081909727,1959934.3003678666
KMYF,Montgomery Field,California,968394.3621535567,1099250.013057245
KMGM,Montgomery Regional (Dannelly Field) Airport,Alabama,4335252.9901660895,1032325.6311867158
KMTJ,Montrose Regional Airport,Colorado,1980883.1426954838,1867355.7750741905
KSOP,Moore County Airport,North-Carolina,5102098.624714451,1419272.0562682608
KMGW,Morgantown Municipal Walter L. Bill Hart Field,West-Virginia,5044597.169905408,2027196.346027854
KMOX,Morris Municipal - Charlie Schmidt Airport,Minnesota,3286933.783963152,2909469.092031764
KMMU,Morristown Municipal Airport,New-Jersey,5647030.717625048,2193062.8059043
KMVL,Morrisville Stowe State Airport,Vermont,5844239.669956656,2749594.7826096807
KMGR,Moultrie Municipal Airport,Georgia,4618948.888729479,875863.485802826
KMQJ,Mount Comfort Airport,Indiana,4389665.743887354,2055764.8232618254
KMOP,Mount Pleasant Municipal Airport,Michigan,4516648.332078977,2610435.9080556845
KIOB,Mount Sterling Montgomery County Airport,Kentucky,4599643.05052864,1804340.584816371
KMVN,Mount Vernon Airport,Illinois,4065343.036831649,1841303.8820847915
KHIE,Mount Washington Regional Airport,New-Hampshire,5961355.460589803,2723976.6964491075
KEKA,Murray Field,California,204812.03940478698,2193641.133208017
KMKG,Muskegon County Airport,Michigan,4352313.94330981,2542286.8422950925
KMYR,Myrtle Beach International Airport,South-Carolina,5152788.563396992,1212383.3209659122
KACK,Nantucket Memorial Airport,Massachusetts,6123894.443061246,2258919.8178157555
KAPC,Napa County Airport,California,405426.33170736406,1825933.7233689
KAPF,Naples Municipal Airport,Florida,4841026.180020534,260273.88977314765
KBNA,Nashville International Airport,Tennessee,4304131.223636331,1538867.1338284742
KLSV,Nellis Air Force Base,Nevada,1199013.4090577732,1554020.9216100667
KEWB,New Bedford Regional Airport,Massachusetts,6025701.013573007,2320733.709107316
KBAZ,New Braunfels Municipal Airport,Texas,3059710.0511703948,700608.9512877902
KILG,New Castle Airport,Delaware,5516544.205284261,2032288.8585348194
KIXD,New Century Aircenter Airport,Kansas,3404860.8071338204,1912391.9421784421
KPSK,New River Valley Airport,Virginia,4961132.0863915505,1677073.5876805596
KVTA,Newark Heath Airport,Ohio,4765850.5431185085,2081642.594449142
KEWR,Newark Liberty International Airport,New-Jersey,5673991.051502816,2177611.5156549774
KONP,Newport Municipal Airport,Arkansas,210834.87941188033,2756633.302594019
KPHF,Newport News Williamsburg International Airport,Virginia,5419467.787439428,1676332.150073762
KUUU,Newport State Airport,Rhode-Island,5990155.480099848,2299688.754234193
KIAG,Niagara Falls International Airport,New-York,5150828.571349016,2532952.788433004
KOLS,Nogales International Airport,Arizona,1657403.4155296718,918492.4834452416
KORF,Norfolk International Airport,Virginia,5451420.838083368,1643788.720693254
KNGU,Norfolk Ns (Chambers Fld) Airport,Virginia,5441773.767401907,1649678.1087591108
KSJC,Norman Y. Mineta San Jose International Airport,California,443972.00646033505,1708067.9886713205
KSFZ,North Central State Airport,Rhode-Island,5967170.270743959,2356677.3921226766
KCKB,North Central West Virginia Airport,West-Virginia,5010452.704626468,1978072.4196950542
KVGT,North Las Vegas Airport,Nevada,1181492.1161508865,1550559.8488947898
KLBF,North Platte Regional Airport Lee Bird Field,Nebraska,2770418.2339008874,2240453.8928510807
KPNE,Northeast Philadelphia Airport,Pennsylvania,5581798.740167438,2089825.8888954604
KEDE,Northeastern Regional Airport,North-Carolina,5411352.952973935,1525751.7318637213
KFVE,Northern Aroostook Regional Airport,Maine,6315245.141004605,3182672.199953708
KPQI,Northern Maine Regional Airport at Presque Isle,Maine,6344592.38813277,3086916.0932669956
KMSL,Northwest Alabama Regional Airport,Alabama,4202072.11579373,1353493.9142014338
KXNA,Northwest Arkansas Regional Airport,Arkansas,3468756.88197086,1560227.166439538
KECP,Northwest Florida Beaches International Airport,Florida,4400594.658634728,781199.8685785439
KOWD,Norwood Memorial Airport,Massachusetts,6002048.270697976,2396453.609977834
KVCB,Nut Tree Airport,California,440358.6366473813,1848760.598255328
KPTK,Oakland County International Airport,Michigan,4660911.599908068,2466923.712861794
KOCF,Ocala International Jim Taylor Field,Florida,4791869.311942634,633726.9699583733
KOXB,Ocean City Municipal Airport,Maryland,5569380.444561011,1839489.4063535864
KNTU,Oceana Nas /Apollo Soucek Field/ Station,Virginia,5469785.111526232,1633674.993594491
KCEU,Oconee County Regional Airport,South-Carolina,4719343.758044243,1343716.5624634852
KODO,Odessa Schlemeyer Field,Texas,2583929.9192001275,983198.3656621091
KOGD,Ogden Hinckley Airport,Utah,1529938.7666514488,2250591.676507188
KOGS,Ogdensburg International Airport,New-York,5531984.364462756,2772252.034997898
KOSU,Ohio State University Airport,Ohio,4698920.908550416,2089525.0674140789
KOBE,Okeechobee County Airport,Florida,4942373.47540366,396369.8857807843
KOLV,Olive Branch Airport,Mississippi,3963710.849173068,1384642.597245277
KOLM,Olympia Regional Airport,Washington,337313.6816241946,3131795.49601038
KOMK,Omak Airport,Washington,707990.2869443379,3375149.232588473
KONT,Ontario International Airport,California,917912.4528092771,1262011.0825100252
KONO,Ontario Municipal Airport,Oregon,982192.0043518321,2670963.617452629
KOPF,Opa-locka Executive Airport,Florida,5004945.3438119665,230343.3408290553
KMGJ,Orange County Airport,New-York,5663489.303973086,2296412.5689313775
KORE,Orange Municipal Airport,Massachusetts,5879872.926867056,2452727.1970176836
KORS,Orcas Island Airport,Washington,336546.7306441891,3415508.4017431103
KMCO,Orlando International Airport,Florida,4892088.734919498,540852.7815160877
KSFB,Orlando Sanford International Airport,Florida,4899917.842096678,584283.2219592654
KOSC,Oscoda Wurtsmith Airport,Michigan,4663758.852275547,2736853.241934344
KATW,Outagamie County Regional Airport,Wisconsin,4102542.7835425665,2707218.6841533612
KOWB,Owensboro Daviess County Airport,Kentucky,4250626.615860435,1760210.2653149953
KOXR,Oxnard Airport,California,742046.1930504465,1281166.6550651127
KBPK,Ozark Regional Airport,Arkansas,3669842.374416192,1572052.3978147097
KFMY,Page Field,Florida,4831389.970200486,313318.948248337
KPGA,Page Municipal Airport,Arizona,1591700.243185577,1648103.0300815804
KPSN,Palestine Municipal Airport,Texas,3315504.051317053,965033.8398163072
KLNA,Palm Beach County Park Airport,Florida,5026112.589543119,314102.8054967127
KPBI,Palm Beach International Airport,Florida,5024962.995260723,325153.1847815267
KPSP,Palm Springs International Airport,California,1037710.9094464198,1232139.8006389798
KPMD,Palmdale Regional/USAF Plant 42 Airport,California,864911.6261615918,1338058.6956876195
KPAO,Palo Alto Airport of Santa Clara County,California,423604.297140573,1721648.2384512676
KEAT,Pangborn Memorial Airport,Washington,632540.6187596746,3200997.983744489
KPKD,Park Rapids Municipal Konshok Field,Minnesota,3384843.155958828,3120762.296110006
KPRB,Paso Robles Municipal Airport,California,586548.4782155649,1477818.3316137842
KCOF,Patrick Air Force Base,Florida,4968621.996318228,516655.3535533608
KPAN,Payson Airport,Arizona,1603636.4726410743,1288583.565229881
KFFC,Peachtree City Falcon Field,Georgia,4534793.714533728,1170036.8297726084
KLVJ,Pearland Regional Airport,Texas,3366336.0189046594,677533.3784935544
KPEA,Pella Municipal Airport,Iowa,3617783.114267622,2280355.461745018
KPLN,Pellston Regional Airport of Emmet County Airport,Michigan,4510165.98883275,2910235.2671264578
KPEO,Penn Yan Airport,New-York,5358154.959174421,2462695.2374569243
KNPA,Pensacola Naval Air Station/Forrest Sherman field,Florida,4234003.4430065565,782595.5938422629
KPNS,Pensacola Regional Airport,Florida,4248458.593685757,797921.942554248
KTEL,Perry County Municipal Airport,Indiana,4302740.180688389,1798723.3101613
KPPA,Perry Lefors Field,Texas,2736252.046044977,1469746.5790132266
KTAD,Perry Stokes Airport,Colorado,2369955.7663688906,1693859.4412064403
KTDF,Person County Airport,North-Carolina,5146667.139397861,1560634.999967223
KTPF,Peter O Knight Airport,Florida,4767219.028618982,477027.1442483538
KPHL,Philadelphia International Airport,Pennsylvania,5556557.785604804,2059816.2151525728
KTOP,Philip Billard Municipal Airport,Kansas,3324680.7574599464,1945876.1039337711
KDVT,Phoenix Deer Valley Airport,Arizona,1522163.9644602684,1213515.3631609734
KGYR,Phoenix Goodyear Airport,Arizona,1490078.9113840046,1178588.1156256008
KPHX,Phoenix Sky Harbor International Airport,Arizona,1529938.7666514488,1180136.2580256895
KIWA,Phoenix-Mesa-Gateway Airport,Arizona,1569032.5017029273,1163549.0937608671
KJZP,Pickens County Airport,Georgia,4547321.455672538,1314661.2676973473
KLQK,Pickens County AirportKLQK,South-Carolina,4739448.297337003,1362119.8864386026
KGSO,Piedmont Triad International Airport,North-Carolina,5042297.144860384,1535248.138433285
KPIR,Pierre Regional Airport,South-Dakota,2814000.9049407425,2726290.421266578
KMZJ,Pinal Airpark,Arizona,1604840.372270839,1059563.7902183495
KPGV,Pitt Greenville Airport,North-Carolina,5321755.584610485,1472737.5056276429
KPIT,Pittsburgh International Airport,Pennsylvania,5009927.199169196,2148625.7780163903
KPSF,Pittsfield Municipal Airport,Massachusetts,5769896.152444479,2431443.9273784533
KPCM,Plant City Municipal Airport,Florida,4798439.3792064795,487515.42961188965
KPBG,Plattsburgh International Airport,New-York,5750710.620757893,2767479.2247822573
KPMZ,Plymouth Municipal Airport,North-Carolina,5390306.013680382,1496098.9277169611
KPYM,Plymouth Municipal AirportKPYM,Indiana,6050679.63341716,2354941.0998443477
KPIH,Pocatello Regional Airport,Idaho,1465987.5513665788,2503377.212577204
KMPO,Pocono Mountains Municipal Airport,Pennsylvania,5541467.684943398,2242096.645480279
KNTD,Point Mugu Naval Air Station (Naval Base Ventura Co),California,751463.5120575897,1270513.2193315006
KPOB,Pope Air Force Base,North-Carolina,5143348.686964284,1410359.719968073
KPOF,Poplar Bluff Municipal Airport,Missouri,3904797.4651003336,1627274.6490453063
KCMH,Port Columbus International Airport,Ohio,4718752.251759554,2077825.3449236779
KPIL,Port Isabel Cameron County Airport,Texas,3135958.420293669,261933.2777401912
KGKJ,Port Meadville Airport,Pennsylvania,5011920.610172137,2313464.2672803355
KVPZ,Porter County Municipal Airport,Indiana,4268114.489626197,2288227.0628559915
KHIO,Portland Hillsboro Airport,Oregon,332167.2481492507,2905465.660168386
KPDX,Portland International Airport,Oregon,370712.91463455267,2913020.07787426
KPWM,Portland International Jetport Airport,Maine,6096616.63407192,2614142.4602483865
KPSM,Portsmouth International at Pease Airport,New-Hampshire,6040330.775161131,2528544.0959979948
KPTD,Potsdam Municipal-Damon field,New-York,5588609.420744505,2771451.2977653164
KPTW,Pottstown Limerick Airport,Pennsylvania,5521997.260915652,2112422.2487660386
KPNN,Princeton Municipal Airport,Maine,6397198.874870108,2852514.0693232007
KPVC,Provincetown Municipal Airport,Massachusetts,6106242.817955806,2378941.3876123447
KPVU,Provo Municipal Airport,Utah,1561586.0380252465,2109496.08426515
KDCU,Pryor Field Regional Airport,Alabama,4274871.700460082,1341159.9564140728
KPUB,Pueblo Memorial Airport,Colorado,2352873.0906153466,1836517.6272839168
KPUW,Pullman Moscow Regional Airport,Washington,971679.3956978762,3095684.904639802
KLAF,Purdue University Airport,Indiana,4275802.40426904,2137228.2960562455
KMLI,Quad City International Airport,Illinois,3884801.536031436,2287423.94765684
KUIN,Quincy Regional Baldwin Field,Illinois,3809559.89728359,2069923.4353522314
KOQU,Quonset State Airport,Rhode-Island,5975854.05476941,2309158.239717585
KAMN,RPD Airport,Michigan,4522068.80454575,2565228.1154460926
KBKW,Raleigh County Memorial Airport,West-Virginia,4912325.276819791,1766748.2781123929
KRDU,Raleigh Durham International Airport,North-Carolina,5168207.000392737,1505447.3390612062
KPNA,Ralph Wenz Field,Wyoming,1771398.7591900434,2486303.99009212
KRNM,Ramona Airport,California,993032.949274425,1128408.492219701
KRIU,Rancho Murieta Airport,California,534424.051945818,1864137.7681137351
KRAP,Rapid City Regional Airport,South-Dakota,2510561.3849409684,2674740.933720937
KRTN,Raton Municipal-Crews Field,New-Mexico,2352325.8636542605,1622846.41076227
KRWL,Rawlins Municipal Harvey Field,Wyoming,2056880.0432289068,2339738.5316561786
KRDG,Reading Regional Carl A Spaatz Field,Pennsylvania,5477264.160306781,2132368.605426371
KRBL,Red Bluff Municipal Airport,California,408601.91983975325,2099677.3303171434
KRDD,Redding Municipal Airport,California,404112.14764490916,2151145.6660377905
KRHV,Reid Hillview of Santa Clara County Airport,California,456017.6864745233,1703977.2174999397
KGLD,Renner Field-Goodland Municipal Airport,Kansas,2659270.141699098,1988549.3243037844
KRNO,Reno Tahoe International Airport,Nevada,680613.8933716449,2006768.1518044136
KRNT,Renton Municipal Airport,Washington,412543.62592134427,3216251.090019484
KFRG,Republic Airport,New-York,5756700.877775577,2182855.652880218
KRXE,Rexburg Madison County Airport,Idaho,1552606.5007534232,2642592.1697030393
KRHI,Rhinelander Oneida County Airport,Wisconsin,3998687.4335461925,2919672.9384539668
KRPD,Rice Lake Regional Carl's Field,Wisconsin,3746167.6054363563,2886505.297493264
KRMG,Richard B Russell Airport,Georgia,4470601.886417461,1301017.9608300766
KSUW,Richard I Bong Airport,Wisconsin,3710993.85273969,3087028.1445684964
KRVS,Richard Lloyd Jones Jr Airport,Oklahoma,3285028.9320454397,1527363.4113663677
KRIF,Richfield Municipal Airport,Utah,1520412.0022542798,1899117.0183089077
KRLD,Richland Airport,Washington,731424.138973611,3025926.3039801586
KRIC,Richmond International Airport,Virginia,5328938.8799804,1727733.6441536397
KRID,Richmond Municipal Airport,Indiana,4505118.131651603,2043464.1954193404
KAMA,Rick Husband Amarillo International Airport,Texas,2658503.188561833,1416858.8245465965
KLCK,Rickenbacker International Airport,Ohio,4714820.571208956,2051530.2033375967
KRAL,Riverside Municipal Airport,California,934995.1280043422,1248260.2170291273
KRIW,Riverton Regional Airport,Wyoming,1918902.7804076078,2526490.632038397
KROA,Roanoke Regional Woodrum Field,Virginia,5038124.851478387,1702958.0606365567
KRQB,Roben Hood Airport,Michigan,4432702.02318704,2625711.636961559
KGRK,Robert Gray  Army Air Field Airport,Texas,3083067.0407771515,873600.4283542847
KMJX,Robert J. Miller Air Park,New-Jersey,5660445.71808686,2067752.9879957745
KRDM,Roberts Field,Indiana,529276.7781469983,2706607.4516278114
KRST,Rochester International Airport,Minnesota,3666611.645835973,2653893.3113408163
KUZA,Rock Hill York Co Bryant field,South-Carolina,4919662.297428962,1385859.1009577033
KRKS,Rock Springs Sweetwater County Airport,Wyoming,1852651.5448959593,2308733.7209325237
KRWI,Rocky Mount Wilson Regional Airport,North-Carolina,5266280.123213413,1502568.9257929595
KBJC,Rocky Mountain Metropolitan Airport,Colorado,2284980.1654271428,2065082.5383889088
KROG,Rogers Municipal Carter Field,Arkansas,3490646.8012309633,1572514.6411521062
KMFR,Rogue Valley International Medford Airport,Oregon,340598.7175995362,2423643.6806869227
KDCA,Ronald Reagan Washington National Airport,Virginia,5359820.033404998,1915372.8058901932
KCRX,Roscoe Turner Airport,Mississippi,4093300.0759590245,1376132.8928933982
KRBG,Roseburg Regional Airport,Oregon,287707.33807206614,2552698.030929668
KSTJ,Rosecrans Memorial Airport,Missouri,3402736.229226087,2045558.610509839
KRZT,Ross County Airport,Ohio,4704384.824999418,1998441.247815474
KROW,Roswell International Air Center Airport,New-Mexico,2349150.275368564,1162736.886851424
KRPX,Roundup Airport,Montana,1909813.7976910034,3052820.680525289
KRUQ,Rowan County Airport,North-Carolina,4978455.374866987,1474179.3061961788
KRSN,Ruston Regional Airport,Louisiana,3656570.2373138196,1060057.1762321196
KRUT,Rutland - Southern Vermont Regional Airport,Vermont,5807489.401359052,2596484.3738995725
KSAC,Sacramento Executive Airport,California,491716.94481461885,1867733.740804674
KSMF,Sacramento International Airport,California,480984.60985307663,1893362.7993110614
KMHR,Sacramento Mather Airport,California,513070.5006798361,1873529.3892545719
KSAD,Safford Regional Airport,Arizona,1790233.4004018921,1104345.9071137197
KHYX,Saginaw County H.W. Browne Airport,Michigan,4612488.266833761,2581996.165768858
KSLN,Salina Municipal Airport,Kansas,3102417.1583125447,1906784.982957827
KSNS,Salinas Municipal Airport,California,479342.09308091685,1612097.2162497463
KSBY,Salisbury Ocean City Wicomico Regional Airport,Maryland,5527078.536120967,1843691.201298547
KSLC,Salt Lake City International Airport,Utah,1533662.4173491108,2191471.4819150455
KCTZ,Sampson County Airport,North-Carolina,5214516.616344069,1384228.6294148387
KBRY,Samuels Field,Kentucky,4433194.109853605,1770490.2392931571
KSJT,San Angelo Regional Mathis Field,Texas,2791004.8331903624,910795.910697672
KSAT,San Antonio International Airport,Texas,3012884.9556432012,679094.1326488308
KSBD,San Bernardino International Airport,California,957991.1989115298,1267220.2457949547
KSAN,San Diego International Airport,California,962918.7492499076,1088557.4184932555
KSFO,San Francisco International Airport,California,395132.6138991644,1743454.4124698462
KSBP,San Luis County Regional Airport,California,584905.9612900992,1419191.7606598581
KALS,San Luis Valley Regional Bergman Field,Colorado,2202850.988541759,1718033.9649444595
KHYI,San Marcos Municipal Airport,Texas,3079333.3645375473,724358.082641379
KSZT,Sandpoint Airport,Idaho,1031907.7957469113,3347960.55316534
KSFM,Sanford Regional Airport,Maine,6052957.100730002,2576041.9838473164
KTTA,Sanford-Lee County Regional Airport,North-Carolina,5133898.785055336,1465800.5453016888
KSBA,Santa Barbara Municipal Airport,California,672729.6498968963,1311049.8408907694
KSAF,Santa Fe Municipal Airport,New-Mexico,2178540.7376895277,1470298.9642927516
KSMX,Santa Maria Pub/Capt G Allan Hancock Field,California,605164.2287349633,1373982.8155254894
KSMO,Santa Monica Municipal Airport,California,824832.8817566764,1256699.010261136
KIZA,Santa Ynez Airport,California,646886.323413717,1335051.6895942264
KSRQ,Sarasota Bradenton International Airport,Florida,4755710.550177246,412714.52756260894
KANJ,Sault Ste Marie Municipal Sanderson Field,Michigan,4557067.111320634,3053488.546015188
KSAV,Savannah Hilton Head International Airport,Georgia,4903794.382330856,1009934.723590164
KHYR,Sawyer County Airport,Wisconsin,3782216.9225673066,2981591.448558107
KSAW,Sawyer International Airport,Michigan,4225593.690745567,3033538.5235423567
KSPB,Scappoose Industrial Airpark,Oregon,341803.4526911298,2941592.9975950513
KSCH,Schenectady County Airport,New-York,5700250.433410202,2494814.144081584
KGLS,Scholes International At Galveston Airport,Texas,3408134.9796853187,645358.1926494548
KBLV,Scott AFB/Midamerica Airport,Illinois,3958422.379445236,1872311.0281617958
KSDL,Scottsdale Airport,Arizona,1540998.6024088487,1204911.16906083
KSEA,Seattle Tacoma International Airport,Washington,402360.18899785297,3209107.2539784918
KSEZ,Sedona Airport,Arizona,1554467.9083494376,1367268.8919611857
KCBK,Shalz Field,Kansas,2730667.8199389116,1996612.6291310266
KSSC,Shaw Air Force Base,South-Carolina,4983898.405284951,1251006.1209620903
KSBM,Sheboygan County Memorial Airport,Wisconsin,4175659.008811345,2632836.1942556715
KEET,Shelby County Airport,Alabama,4292677.04986303,1146422.9884430617
KGEZ,Shelbyville Municipal Airport,Indiana,4399773.154386734,2018710.1626603622
KSHD,Shenandoah Valley Regional Airport,Virginia,5156281.626794248,1832988.6082242168
KSPS,Sheppard Air Force Base-Wichita Falls Municipal Airport,Texas,3010465.4602465867,1253132.492425207
KSHR,Sheridan County Airport,Wyoming,2080970.5625063344,2785707.291458632
KFLV,Sherman Army Air Field,Kansas,3402188.166660816,1988223.492874139
KSAA,Shively Field,Wyoming,2098054.0737217055,2286897.8636955917
KSOW,Show Low Regional Airport,Arizona,1749607.4232320942,1289735.953152434
KDTN,Shreveport Downtown Airport,Louisiana,3530276.905075952,1063407.8982949336
KSHV,Shreveport Regional Airport,Louisiana,3521451.092649163,1051256.1406380073
KSNY,Sidney Municipal-Lloyd W Carr Field,Nebraska,2518445.6336938846,2236834.4014732745
KSDY,Sidney Richland Municipal Airport,Montana,2386162.878049519,3250972.2989457883
KSRR,Sierra Blanca Regional Airport,New-Mexico,2239206.0839353986,1183876.5937357764
KFHU,Sierra Vista Municipal Libby Army Air Field,Arizona,1712593.9843665732,940429.1731817471
KSIK,Sikeston Memorial Municipal Airport,Missouri,3988361.132748584,1644377.4056761274
KSUX,Sioux Gateway Col. Bud Day Field,Iowa,3241248.257669187,2427854.4013665346
KSIY,Siskiyou County Airport,California,384948.3415138444,2336184.0054480704
KBVS,Skagit Regional Airport,Washington,390095.6181488578,3376222.7876896234
KASD,Slidell Airport,Louisiana,3959998.895061461,781631.3368143435
KISN,Sloulin Field International Airport,North-Dakota,2446500.7242332203,3327967.4125389596
KSLG,Smith Field,Arkansas,3448695.7873392655,1548008.263727257
KINT,Smith Reynolds Airport,North-Carolina,5011121.073607438,1540114.599552854
KMQY,Smyrna Airport,Delaware,4321443.651239402,1523220.0271299882
KPAE,Snohomish County (Paine Field) Airport,Washington,405316.8841710265,3283482.8542630356
KELD,South Arkansas Regional At Goodwin Field,Arkansas,3632303.4304438177,1152181.4410315421
KSBN,South Bend Regional Airport,Indiana,4343651.881642319,2325513.9179635085
KBPT,Southeast Texas Regional Airport,Texas,3500086.6780797928,731698.7909070221
KVCV,Southern California Logistics Airport,California,941784.0865191149,1333814.4053270495
KMDH,Southern Illinois Airport,Illinois,4022285.8714352236,1765473.426542431
KJVL,Southern Wisconsin Regional Airport,Wisconsin,4045325.385766163,2460194.842226809
KRSW,Southwest Florida International Airport,Florida,4843226.784899907,307148.65138352755
KABY,Southwest Georgia Regional Airport,Georgia,4576109.778716984,933617.8647861867
KBEH,Southwest Michigan Regional Airport,Michigan,4331475.034219612,2387309.8177966466
KMML,Southwest Minnesota Regional-Marshall-Ryan Field,Minnesota,3302845.1432077466,2736684.710342598
KOTH,Southwest Oregon Regional Airport,Oregon,190247.44378453182,2579538.4593673637
KTIX,Space Coast Regional Airport,Florida,4947914.254286131,551491.2473514825
KSPW,Spencer Municipal Airport,Iowa,3370640.315167954,2541686.6130533805
KSUS,Spirit of St Louis Airport,Missouri,3868977.9003445385,1888691.9307973878
KGEG,Spokane International Airport,Washington,925249.4733308437,3236826.1969239367
KASG,Springdale Municipal Airport,Arkansas,3489289.17715038,1545905.4386103367
KSGH,Springfield Beckley Municipal Airport,Ohio,4614907.762766953,2055308.9085456906
KSGF,Springfield Branson National Airport,Missouri,3569304.6410082993,1691974.871821654
KSGJ,St Augustine Airport,Florida,4888715.9779379405,732760.4528198754
KPHN,St Clair County International Airport,Michigan,4758502.661220851,2503556.3007207448
KSTC,St Cloud Regional Airport,Minnesota,3495794.0782820974,2906434.882862596
KSGU,St George Municipal Airport,Utah,1365866.069901598,1663221.429404145
KCPS,St Louis Downtown Airport,Illinois,3923271.1838127687,1875882.136990429
KALN,St Louis Regional Airport,Illinois,3935338.5858125957,1920745.7528396836
KFPR,St Lucie County International Airport,Florida,4995100.269246581,425016.95457769046
KSTP,St Paul Downtown Holman Field,Minnesota,3605288.7915800493,2811240.7975630155
KPIE,St Petersburg Clearwater International Airport,Florida,4741145.95432703,476357.9984140736
KHHW,Stan Stamper Municipal Airport,Oklahoma,3333506.570412362,1259209.5550983944
KTBR,Statesboro Bulloch County Airport,Georgia,4845231.056391941,1055941.3109831298
KSVH,Statesville Regional Airport,North-Carolina,4930973.606933926,1490280.9641495692
KHSA,Stennis International Airport,Mississippi,4000100.1984907254,784511.9857589002
KSTE,Stevens Point Municipal Airport,Wisconsin,3991810.75216361,2751223.4792836793
KSWF,Stewart International Airport,New-York,5680988.874762927,2295550.1926208166
KSWO,Stillwater Regional Airport,Oklahoma,3164451.8255316685,1543843.9047306003
KSSF,Stinson Municipal Airport,Texas,3012742.9272309123,654361.5428658612
KSCK,Stockton Metropolitan Airport,California,519640.56549075595,1781571.3610091489
KDVK,Stuart Powell Field,Kentucky,4513122.685692312,1737773.994820539
KSGR,Sugar Land Regional Airport,Texas,3320957.1067622844,690249.906612453
KMSV,Sullivan County International Airport,New-York,5605408.039049289,2324472.6384487003
KUUV,Sullivan Regional Airport,Missouri,3812878.3496952686,1828763.5970587106
KGED,Sussex County Airport,Delaware,5543657.428490484,1892493.1000776794
KSYR,Syracuse Hancock International Airport,New-York,5461813.140321625,2533537.569663287
KCNW,TSTC Waco Airport,Texas,3165722.562063911,946768.6618812028
KTIW,Tacoma Narrows Airport,Washington,372902.66475197213,3179831.334851495
KASN,Talladega Municipal Airport,Alabama,4372823.681403232,1197943.7761783167
KTLH,Tallahassee Regional Airport,Florida,4559048.82494908,788155.0841322136
KVDF,Tampa Executive Airport,Florida,4778608.036095895,489227.01508235047
KTPA,Tampa International Airport,Florida,4758031.461472318,484452.39310102817
KSKX,Taos Regional Airport,New-Mexico,2224204.538844092,1584203.5211342871
KTAZ,Taylorville Municipal Airport,Illinois,4013985.5641262387,2011750.4458875284
KTEX,Telluride Regional Airport,Colorado,1979350.0747299255,1789845.19805199
KTEB,Teterboro Airport,New-Jersey,5685806.979678425,2200399.881018414
KTXK,Texarkana Regional Webb Field,Arkansas,3503339.128645651,1182682.41644934
KCID,The Eastern Iowa Airport,Iowa,3753033.426351747,2351366.235451147
KMTH,The Florida Keys Marathon Airport,Florida,4920297.247980595,87285.64588835882
KONL,The O'Neill Municipal John L Baker Field,Nebraska,2988979.903712085,2437839.928819442
KPVD,Theodore Francis Green State Airport,Rhode-Island,5974945.07294609,2329020.7584815286
KTVF,Thief River Falls Regional Airport,Minnesota,3263083.8717680797,3309562.3307144763
KTVI,Thomasville Regional Airport,Georgia,4610407.13311632,852448.0243857754
KHQU,Thomson Mcduffie County Airport,Georgia,4759860.286144625,1192661.7804577989
KTOC,Toccoa Rg Letourneau Field,Georgia,4674522.93375722,1333322.1690392694
KTOL,Toledo Express Airport,Ohio,4618455.966929602,2307650.1693185894
KDUH,Toledo Suburban Airport,Michigan,4635144.304667246,2329504.96838013
KTDW,Tradewind Airport,Texas,2645363.054340758,1410225.8323736982
KSUU,Travis Air Force Base,California,444190.8973060927,1832834.8535315227
KPQL,Trent Lott International Airport,Mississippi,4101436.63287008,796575.083582765
KTTN,Trenton Mercer Airport,New-Jersey,5603382.045681121,2117745.5543911606
KCZG,Tri Cities Airport,Alabama,5462908.429990341,2379914.9927431876
KPSC,Tri Cities AirportKPSC,Washington,751682.4028704951,3019445.785703973
KTRI,Tri Cities Regional Tn Va Airport,Tennessee,4771807.381684953,1586518.6410509394
KHTS,Tri-State/Milton J. Ferguson Field,West-Virginia,4755316.212172296,1847349.6912855944
KTRK,Truckee Tahoe Airport,California,639877.6392812412,1981384.0381355854
KTUS,Tucson International Airport,Arizona,1647219.143144352,1008447.619013201
KBIV,Tulip City Airport,Michigan,4366637.090998208,2478457.474006447
KTUL,Tulsa International Airport,Oklahoma,3295595.8456744463,1548890.3001886364
KUTA,Tunica Municipal Airport,Mississippi,3902409.7169027845,1344928.0344336345
KTUP,Tupelo Regional Airport,Mississippi,4075078.666543585,1290080.6818113239
KTCL,Tuscaloosa Regional Airport,Alabama,4201940.947870536,1152129.010331811
KHVN,Tweed New Haven Airport,Connecticut,5814366.083135855,2260463.5043593943
KHLX,Twin County Airport,Virginia,4945242.449274954,1626208.7395411292
KTYR,Tyler Pounds Regional Airport,Texas,3348782.9784701904,1039258.9169373927
KUKI,Ukiah Municipal Airport,California,304681.40387551015,1953961.3114713551
KUOX,University Oxford Airport,Mississippi,3991098.9392004083,1305488.61617696
KUNV,University Park Airport,Pennsylvania,5271010.504691674,2200283.9103901507
KCMI,University of Illinois Willard Airport,Illinois,4128933.3328694217,2083716.2831598036
KOUN,University of Oklahoma Westheimer Airport,Oklahoma,3122139.056098805,1420371.715265667
KSRB,Upper Cumberland Regional Airport,Tennessee,4429788.769882638,1529571.08440091
KVLD,Valdosta Regional Airport,Georgia,4676614.093717439,837257.6850622143
KHRL,Valley International Airport,Texas,3102175.7100193184,269536.45319600124
KVNY,Van Nuys Airport,California,820562.0039446208,1282358.1816455927
KFKL,Venango Regional Airport,Pennsylvania,5050718.594046896,2277114.9005415644
KVNC,Venice Municipal Airport,Florida,4768204.872864817,372836.0779878781
KDNV,Vermilion Regional Airport,Illinois,4203637.769552041,2106628.2263123263
KVEL,Vernal Regional Airport,Utah,1803921.5971882385,2141342.2916045953
KVRB,Vero Beach Municipal Airport,Florida,4989668.93562273,444844.96789841074
KTVR,Vicksburg Tallulah Regional Airport,Louisiana,3827836.44755203,1038935.025214917
KVCT,Victoria Regional Airport,Texas,3182760.958384346,593656.8729065405
KVJI,Virginia Highlands Airport,Virginia,4812773.387624883,1615414.9491451364
KBCB,Virginia Tech Montgomery Executive Airport,Virginia,4990775.086284266,1686734.9330627592
KVIS,Visalia Municipal Airport,California,721678.4837306844,1565227.441171999
KDBN,W H 'Bud' Barron Airport,Georgia,4708524.535030636,1066551.9024470304
KBTL,W K Kellogg Airport,Michigan,4460362.473584311,2413732.6739818435
KIWH,Wabash Municipal Airport,Indiana,4400430.6622763295,2187654.262040817
KACT,Waco Regional Airport,Texas,3148595.60685536,943360.597701183
KALW,Walla Walla Regional Airport,Washington,842681.6770143997,2992590.6014976427
KWAL,Wallops Flight Facility Airport,Virginia,5531885.780032696,1787956.728074329
KRRT,Warroad International Memorial Field,Minnesota,3354696.3731967625,3454296.642968123
KASW,Warsaw Municipal Airport,Indiana,4395907.475178229,2262066.357865081
KAFJ,Washington County Airport,Pennsylvania,5003652.885677353,2097643.4079415426
KIAD,Washington Dulles International Airport,Virginia,5314035.086824926,1928373.9243004005
KOXC,Waterbury Oxford Airport,Connecticut,5787165.136054371,2291822.1266652755
KALO,Waterloo Regional Airport,Iowa,3677529.453181084,2450794.3065791307
KART,Watertown International Airport,New-York,5471077.569901759,2666609.5502050444
KRYV,Watertown Municipal Airport,Wisconsin,4080192.52472736,2542302.307286148
KATY,Watertown Regional Airport,South-Dakota,3156895.9144928604,2808070.2398077594
KWVL,Waterville Robert Lafleur Airport,Maine,6166021.739858679,2749379.716008112
KWVI,Watsonville Municipal Airport,California,459193.27460691246,1649417.8441541465
KUGN,Waukegan Regional Airport,Illinois,4173852.7413346414,2430761.4488062095
KUES,Waukesha County Airport,Wisconsin,4133423.101516286,2523013.7703935057
KAUW,Wausau Downtown Airport,Wisconsin,3981264.725058415,2809956.8629544005
KBJJ,Wayne County Airport,Ohio,4828652.163748661,2203976.3305420233
KTBN,Waynesville-St. Robert Regional Forney field,Missouri,3705956.8574164566,1760417.8667281177
KENV,Wendover Airport,Utah,1308847.3196062315,2181396.0892337747
KETB,West Bend Municipal Airport,Wisconsin,4145381.058093233,2580307.3921120446
KCTJ,West Georgia Regional O V Gray Field,Georgia,4471258.558943783,1205976.7407386783
KIWS,West Houston Airport,Texas,3319194.283563477,714951.3841976346
KWWR,West Woodward Airport,Oklahoma,2897590.495799793,1581453.8112340048
KHPN,Westchester County Airport,New-York,5724483.821839916,2231851.528635714
KWST,Westerly State Airport,Rhode-Island,5933004.919225922,2272986.180023157
KBFF,Western Neb. Rgnl/William B. Heilig Airport,Nebraska,2451537.716851666,2349792.4917644067
KCEF,Westover ARB/Metropolitan Airport,Massachusetts,5852912.592814078,2396971.1948034326
KCAD,Wexford County Airport,Michigan,4442031.618745993,2709848.9748954326
KGTB,Wheeler Sack Army Air Field,New-York,5504170.189275201,2676310.1957817273
KHLG,Wheeling Ohio County Airport,West-Virginia,4964657.732789168,2103159.264348925
KNUW,Whidbey Island Naval Air Station /Ault Field/ Airport,Washington,364361.7446334914,3356574.061007293
KICT,Wichita Mid Continent Airport,Kansas,3126409.9338999093,1747727.0747932075
KPWA,Wiley Post Airport,Oklahoma,3102975.245970785,1459137.5396274086
KAVP,Wilkes Barre Scranton International Airport,Pennsylvania,5503743.268510803,2271367.018377835
KUKF,Wilkes County Airport,North-Carolina,4915161.667701676,1552202.2161060898
KOKC,Will Rogers World Airport,Oklahoma,3108056.5216141227,1440167.2073793197
KDDH,William H. Morse State Airport,Vermont,5774988.288171742,2500611.4881813657
KHOU,William P Hobby Airport,Texas,3362306.589013511,693160.1214506757
KCLM,William R Fairchild International Airport,Washington,271938.84282204614,3318497.654305895
KCKI,Williamsburg Regional Airport,South-Carolina,5051090.374297762,1217319.453399167
KMWA,Williamson County Regional Airport,Illinois,4048665.5596597544,1762273.7831857586
KIPT,Williamsport Regional Airport,Pennsylvania,5372588.387375205,2257273.605928192
KLNN,Willoughby Lost Nation Municipal Airport,Ohio,4883251.22602711,2321891.47771491
KYIP,Willow Run Airport,Michigan,4648832.501146976,2403462.054350258
KILM,Wilmington International Airport,North-Carolina,5265107.971111231,1290411.77289816
KBGF,Winchester Municipal Airport,Tennessee,4371148.581641663,1411244.3392787282
KOKV,Winchester Regional Airport,Virginia,5238629.6983909365,1956432.160309473
KWMC,Winnemucca Municipal Airport,Nevada,895463.6095640111,2207133.5521794828
KONA,Winona Municipal-Max Conrad Field,Minnesota,3753307.4575796304,2679602.465246477
KSNK,Winston Field,Texas,2741289.877268063,1083325.505098471
KIWI,Wiscasset Airport,Maine,6161958.891899561,2661967.9880656227
KSUA,Witham Field,Florida,5011219.658420767,386382.74360248493
KOSH,Wittman Regional Airport,Wisconsin,4098392.2121571596,2665468.0946187973
KGGW,Wokal Field Glasgow International Airport,Montana,2120940.6986475363,3333651.8762042345
KORH,Worcester Regional Airport,Massachusetts,5925087.253149672,2407811.559650367
KWRL,Worland Municipal Airport,Wyoming,1974641.4118097804,2662622.0509166764
KFFO,Wright Patterson Air Force Base,Ohio,4592119.722260231,2053283.6633126726
KYKM,Yakima Air Terminal McAllister Field,Washington,595637.4627828138,3067653.23228075
KHDN,Yampa Valley Airport,Colorado,2054908.3515615726,2147142.8293927507
KCRW,Yeager Airport,West-Virginia,4860966.968652552,1848243.7400808344
KWYS,Yellowstone Airport,Montana,1627837.2798115658,2773253.204329702
KCOD,Yellowstone Regional Airport,Wyoming,1857141.309009291,2747382.832145638
KTHV,York Airport,Pennsylvania,5377855.1348217325,2066253.4597128062
KYNG,Youngstown Warren Regional Airport,Ohio,4961066.084589535,2260026.7126876097
KMYV,Yuba County Airport,California,483284.63405490835,1949981.670626237
KNYL,Yuma MCAS/Yuma International Airport,Arizona,1245881.1139485629,1078538.0209673904
KTOA,Zamperini Field,California,836988.0071827918,1228673.057387957
KZZV,Zanesville Municipal Airport,Ohio,4828236.104064687,2070166.4425501842
